state_code,dist_code,court_no,court_historical_median_resolution,pending_cases_count
1,1,3,522.0,210341
1,1,7,1088.0,10056
1,1,10,357.0,55843
1,2,1,220.0,152475
1,2,3,616.0,40670
1,3,2,656.0,78431
1,3,4,556.0,17478
1,3,5,1186.0,9691
1,3,20,900.0,11774
1,4,1,177.0,224129
1,4,6,1142.5,8066
1,4,9,351.0,62722
1,4,12,1252.5,1060
1,4,14,1645.0,4782
1,5,1,151.0,250693
1,5,5,230.0,139789
1,7,1,154.0,249631
1,7,2,354.0,141172
1,7,4,264.0,162247
1,7,6,336.0,100549
1,7,8,247.0,83424
1,7,11,364.0,77472
1,7,15,409.0,47929
1,7,16,331.0,45251
1,7,17,371.0,57268
1,8,1,154.0,249632
1,8,2,357.0,140463
1,8,3,617.0,39161
1,8,4,223.0,181636
1,8,5,226.0,141207
1,8,6,328.0,102120
1,8,7,368.0,99343
1,8,8,246.0,83582
1,8,9,343.0,63513
1,8,10,298.0,60853
1,8,11,363.0,77686
1,9,1,218.0,147595
1,9,3,617.0,39311
1,9,6,332.0,101386
1,9,15,401.0,48527
1,10,1,155.0,248948
1,10,2,362.0,138933
1,10,4,228.0,179447
1,10,5,246.0,134229
1,10,6,329.0,102054
1,10,7,368.0,99418
1,10,9,424.0,56267
1,11,3,308.0,359235
1,11,4,491.0,65581
1,11,5,934.0,26923
1,11,7,368.0,99419
1,11,8,258.0,81702
1,12,1,216.0,143546
1,12,10,307.0,60115
1,12,11,369.0,76816
1,13,1,157.0,247868
1,13,2,354.0,141174
1,13,4,233.0,176733
1,13,6,328.0,102152
1,13,7,395.0,95361
1,13,9,350.0,62879
1,13,11,364.0,77608
1,13,12,405.0,80885
1,13,13,350.0,51044
1,13,14,332.0,47945
1,14,1,157.0,247790
1,14,2,355.0,141031
1,14,4,223.0,181549
1,14,5,224.0,141686
1,14,6,332.0,101442
1,14,7,368.0,99342
1,14,8,246.0,83562
1,14,9,346.0,63234
1,14,10,298.0,60898
1,14,12,424.0,78167
1,14,13,349.0,51068
1,14,15,402.0,48481
1,14,16,322.0,46051
1,14,17,377.0,56677
1,14,18,359.0,34062
1,14,19,362.0,42658
1,14,20,375.0,29320
1,14,21,245.0,30488
1,14,22,179.0,27224
1,15,2,363.0,138848
1,15,4,223.0,181550
1,15,5,225.0,141535
1,15,6,328.0,102145
1,15,8,304.0,75040
1,15,10,298.0,60892
1,15,11,357.0,78479
1,15,12,406.0,80745
1,15,13,351.0,50888
1,15,14,334.0,47834
1,15,15,402.0,48516
1,15,16,366.0,42369
1,15,17,372.0,57240
1,15,18,359.0,34049
1,15,20,394.0,28624
1,15,21,245.0,30474
1,15,22,181.0,27078
1,15,23,347.0,14858
1,15,25,408.0,13729
1,15,26,469.0,16268
1,15,27,445.0,13405
1,17,1,180.0,220096
1,17,7,1085.0,10193
1,17,10,316.0,59250
1,17,17,421.0,52296
1,17,21,316.0,27472
1,18,1,440.0,35991
1,19,4,403.0,113622
1,20,1,153.0,249951
1,20,7,1179.0,5481
1,20,9,1374.0,7595
1,20,11,357.0,78487
1,20,15,444.0,45305
1,20,19,392.0,39770
1,20,21,304.0,27887
1,21,1,178.0,221801
1,21,2,372.0,136422
1,21,6,328.0,102146
1,21,7,368.0,99457
1,21,8,246.0,83583
1,21,9,377.0,60237
1,21,10,316.0,59211
1,21,13,350.0,51055
1,21,14,332.0,47925
1,21,17,371.0,57298
1,21,18,360.0,34021
1,21,19,362.0,42653
1,21,20,374.0,29366
1,21,21,270.0,29333
1,21,22,177.0,27298
1,21,23,355.0,14685
1,21,24,469.0,20278
1,21,25,1322.0,1540
1,21,26,469.0,16269
1,21,27,418.0,13955
1,21,28,950.0,4487
1,23,1,180.0,175667
1,23,2,408.0,128847
1,23,3,406.0,298396
1,23,4,490.0,65733
1,23,5,289.0,121362
1,23,6,391.0,90739
1,23,7,461.0,86395
1,23,11,1044.0,8585
1,23,12,448.0,74370
1,23,14,1176.0,12527
1,24,1,443.0,36390
1,24,11,358.0,78309
1,24,12,406.0,80764
1,24,13,394.0,47443
1,24,14,1651.0,4735
1,25,1,193.0,201673
1,25,2,360.0,139647
1,25,4,547.5,19814
1,25,5,225.0,141564
1,25,16,415.0,38812
1,25,20,474.0,25303
1,25,26,525.0,15016
1,26,1,444.0,36644
1,26,4,232.0,177516
1,26,8,246.0,83442
1,26,9,428.0,55968
1,26,10,307.0,60070
1,26,12,406.0,80828
1,26,16,1603.0,3155
1,26,17,406.0,53806
1,26,19,367.0,42019
1,26,20,1473.0,2763
1,26,21,293.0,28391
1,26,22,180.0,27154
1,26,25,1009.0,5064
1,27,1,213.0,139920
1,27,9,529.0,48745
1,27,13,718.0,24809
1,28,1,180.0,175544
1,28,3,305.0,361696
1,28,11,1279.0,6129
1,28,12,1198.0,7100
1,28,13,491.0,40451
1,29,1,177.0,224951
1,29,6,576.0,57299
1,29,11,403.0,72216
1,29,15,1736.0,1976
1,30,1,185.0,208180
1,30,3,377.0,314719
1,30,8,537.0,32243
1,30,12,508.0,61573
1,30,13,372.0,49140
1,30,15,408.0,47993
1,30,17,678.0,29069
1,31,1,444.0,36494
1,31,2,689.0,21565
1,31,7,1085.5,10194
1,31,15,435.0,45976
1,31,17,614.0,33833
1,31,18,1690.0,2443
1,32,1,182.0,210319
1,32,4,247.0,170357
1,32,8,510.0,42314
1,33,1,191.0,192164
1,33,4,253.0,167926
1,33,5,236.0,137358
1,33,6,340.0,99860
1,33,7,398.0,94911
1,33,8,265.0,80682
1,33,9,367.0,61233
1,34,1,219.0,158342
1,34,6,717.0,35187
1,34,7,1090.0,9794
1,34,11,383.0,74973
1,34,12,590.0,40254
1,34,13,383.0,48253
1,34,15,412.0,47733
1,34,19,369.0,41768
1,35,8,313.0,73584
1,35,9,347.0,63103
1,35,13,1381.0,6356
1,35,14,332.0,47923
1,36,1,442.0,36311
1,36,4,223.0,181649
1,36,5,225.0,141565
1,36,6,329.0,101850
1,36,9,560.0,46278
1,37,1,180.0,175669
1,37,2,708.0,64913
1,37,3,283.0,378292
1,37,4,556.0,39796
1,38,1,406.0,60441
1,38,2,707.0,65303
1,38,3,611.0,67718
1,40,2,711.0,64387
1,40,4,497.0,63834
1,40,5,261.0,129406
1,40,6,614.0,48469
1,40,8,382.0,64222
1,40,12,406.0,80829
1,40,14,806.0,23773
1,40,17,714.0,26140
1,40,21,1868.5,1806
1,40,22,2248.0,36
1,40,23,675.0,9342
1,40,25,967.0,5558
1,40,27,659.0,9687
1,40,34,515.0,1166
1,40,39,809.0,817
1,40,41,650.0,2722
1,40,43,2597.0,20
1,41,1,175.0,228058
1,41,2,409.0,128750
1,41,3,290.0,372921
1,41,4,223.0,181570
1,41,10,777.0,24889
1,41,12,431.0,77208
1,41,14,529.0,37210
1,41,16,408.0,39255
1,41,17,465.0,48517
1,41,18,485.0,28119
1,42,6,646.0,43341
1,42,11,623.0,33218
1,42,12,690.0,22924
1,42,13,830.0,19843
1,42,14,912.0,18655
1,42,15,726.0,20855
1,42,16,695.0,17653
1,42,17,762.5,23484
1,42,18,791.0,15054
1,42,19,622.0,17253
1,42,20,924.0,11088
1,42,21,1065.0,9961
2,2,1,155.0,248949
2,2,3,291.0,372732
2,2,4,228.0,179517
2,2,5,224.0,141715
2,2,6,328.0,102097
2,2,7,379.0,97785
2,2,8,269.0,79988
2,2,9,343.0,63514
2,2,10,306.0,60220
2,2,11,360.0,78074
2,2,12,418.0,79061
2,2,13,369.0,49529
2,2,14,376.0,45105
2,2,15,404.0,48368
2,2,16,335.0,44938
2,2,17,379.0,56537
2,2,19,363.0,42573
2,2,20,418.0,27717
2,2,21,263.0,29633
2,2,22,177.0,27297
2,2,24,468.0,20320
2,2,25,413.0,13633
2,2,26,482.0,15975
2,2,27,420.0,13907
2,3,1,155.0,248517
2,3,3,290.0,372922
2,3,4,224.0,181468
2,3,5,229.0,140213
2,3,6,333.0,101154
2,3,7,368.0,99448
2,3,8,271.0,79636
2,3,9,344.0,63472
2,3,10,298.0,60893
2,3,11,364.0,77586
2,3,12,406.0,80757
2,3,13,350.0,50986
2,3,14,350.0,46788
2,3,15,401.0,48528
2,3,16,322.0,46048
2,3,17,372.0,57253
2,3,18,373.0,33365
2,3,19,374.0,41301
2,3,20,374.0,29378
2,3,21,252.0,30151
2,3,22,197.0,25895
2,3,23,374.0,14247
2,3,24,467.0,20343
2,3,25,416.0,13570
2,3,26,474.0,16153
2,3,27,481.0,12741
2,3,28,607.0,7163
2,4,1,151.0,251317
2,4,2,359.0,139943
2,4,3,290.0,373392
2,4,4,230.0,178740
2,4,5,224.0,141642
2,4,6,344.0,99244
2,4,7,379.0,97725
2,4,8,257.0,81900
2,4,9,351.0,62638
2,4,10,307.0,60116
2,4,11,357.0,78532
2,4,12,405.0,80888
2,4,13,350.0,50974
2,4,15,401.0,48534
2,4,16,325.0,45830
2,4,17,380.0,56372
2,4,18,360.0,34045
2,4,19,367.0,42021
2,4,20,374.0,29377
2,4,21,259.0,29823
2,4,22,196.0,26019
2,4,23,301.0,16038
2,4,25,415.0,13589
2,4,26,469.0,16245
2,4,27,501.0,12387
2,4,28,959.0,4247
2,4,29,480.0,9286
2,4,32,664.0,427
2,4,33,193.5,1996
2,4,34,427.0,1631
2,5,1,154.0,249135
2,5,3,288.0,374237
2,5,4,223.0,181637
2,5,5,226.0,140987
2,5,7,377.0,98032
2,5,8,287.0,77514
2,5,9,583.0,44563
2,5,10,299.0,60806
2,5,11,357.0,78469
2,5,12,411.0,80042
2,5,13,350.0,50980
2,5,14,480.0,39452
2,5,15,404.0,48369
2,5,17,376.0,56783
2,5,18,374.0,33272
2,5,19,362.0,42656
2,5,21,1529.5,4666
2,5,22,181.0,27047
2,5,23,316.0,15614
2,5,24,477.0,20074
2,5,25,416.0,13563
2,5,26,473.0,16186
2,5,27,419.0,13934
2,5,28,608.0,7159
2,5,29,480.0,9284
2,5,31,477.0,4563
2,5,32,747.0,382
2,5,33,221.0,3573
2,5,34,414.0,1729
2,5,35,372.0,2358
2,5,36,575.0,845
2,5,37,265.0,2851
2,5,38,811.0,171
2,5,39,1180.5,8
2,5,41,1330.0,752
2,5,42,2416.5,6
2,5,43,2816.0,13
2,7,1,153.0,250007
2,7,3,287.0,375209
2,7,4,223.0,181524
2,7,7,380.0,97549
2,7,8,246.0,83443
2,7,10,298.0,60868
2,7,11,361.0,77993
2,7,12,406.0,80751
2,7,13,349.0,51069
2,7,14,375.0,45155
2,7,15,414.0,47583
2,7,16,331.0,45256
2,7,17,434.0,51333
2,7,18,360.0,34022
2,7,19,366.0,42143
2,7,20,390.0,28766
2,7,21,296.0,28222
2,7,22,181.0,27081
2,7,26,469.0,16263
2,7,27,467.0,12964
2,7,28,611.0,7130
2,7,29,480.0,9278
2,7,31,469.0,4645
2,10,1,156.0,248355
2,10,2,360.0,139707
2,10,3,293.0,370920
2,10,5,225.0,141566
2,10,6,380.0,92693
2,10,7,379.0,97770
2,10,8,246.0,83584
2,10,9,344.0,63467
2,10,10,298.0,60867
2,10,11,357.0,78504
2,10,12,408.0,80420
2,10,13,372.0,49176
2,10,14,350.0,46817
2,10,15,407.0,48114
2,10,16,323.0,45975
2,10,18,360.0,34006
2,10,19,370.0,41620
2,10,20,403.0,28256
2,10,21,245.0,30467
2,10,25,417.0,13546
2,10,26,469.0,16248
2,10,27,441.0,13515
2,10,28,725.5,6308
2,10,30,196.0,2736
2,11,1,152.0,250292
2,11,3,286.0,375716
2,11,4,223.0,181654
2,11,5,273.0,126099
2,11,6,341.0,99764
2,11,7,379.0,97772
2,11,8,247.0,83403
2,11,10,312.0,59662
2,11,11,364.0,77460
2,11,12,406.0,80814
2,11,13,664.0,28111
2,11,14,365.0,45790
2,11,15,402.0,48451
2,11,16,325.0,45815
2,11,17,372.0,57169
2,11,18,374.0,33273
2,11,19,363.0,42496
2,11,20,374.0,29362
2,11,21,245.0,30475
2,11,22,188.0,26514
2,11,23,322.0,15445
2,11,24,460.0,20545
2,11,25,917.0,6146
2,11,26,1072.5,5754
2,11,27,420.0,13915
2,11,28,614.0,7111
2,11,29,480.0,9285
2,11,30,195.5,2752
2,11,31,465.0,4671
2,15,1,156.0,248083
2,15,2,367.0,137710
2,15,3,282.0,378390
2,15,4,223.0,181655
2,15,5,231.0,139366
2,15,6,332.0,101366
2,15,7,499.5,81308
2,15,9,350.0,62864
2,15,10,312.0,59663
2,15,11,361.0,77995
2,15,12,409.0,80343
2,15,13,368.0,49598
2,15,14,352.0,46658
2,15,15,410.0,47894
2,15,16,332.0,45185
2,15,17,380.0,56363
2,15,18,371.0,33425
2,15,19,366.0,42144
2,17,1,152.0,250472
2,17,2,359.0,139768
2,17,3,283.0,377899
2,17,4,228.0,179522
2,17,5,224.0,141643
2,17,6,332.0,101412
2,17,7,368.0,99361
2,17,11,364.0,77611
2,17,12,412.0,79976
2,17,13,349.0,51061
2,17,17,372.0,57170
2,17,18,359.0,34072
2,17,19,362.0,42657
2,17,20,374.0,29380
2,17,21,414.0,24074
2,17,22,207.0,25340
2,17,23,310.0,15782
2,17,24,462.0,20492
2,17,25,416.0,13577
2,17,26,474.0,16161
2,17,27,418.0,13956
2,19,1,154.0,249126
2,19,3,290.0,373051
2,19,4,225.0,180876
2,19,5,225.0,141525
2,19,9,353.0,62527
2,19,10,306.0,60211
2,19,12,406.0,80765
2,19,13,384.0,48215
2,19,15,404.0,48364
2,19,16,330.0,45343
2,19,19,362.0,42647
2,19,20,377.0,29242
2,19,21,245.0,30479
2,19,22,190.0,26340
2,19,23,301.0,16037
2,19,24,484.0,19882
2,19,25,413.5,13622
2,19,26,480.0,16017
2,20,1,154.0,249145
2,20,2,658.0,77745
2,20,3,282.0,378919
2,20,4,223.0,181657
2,20,5,228.0,140513
2,20,6,330.0,101712
2,20,7,379.0,97741
2,20,8,262.0,81050
2,20,9,343.0,63499
2,20,10,355.0,56055
2,20,11,641.0,30439
2,20,12,415.0,79370
2,20,13,350.0,51022
2,20,15,415.0,47566
2,20,18,403.0,31771
2,20,19,370.0,41679
2,20,20,383.0,29046
2,20,21,247.0,30392
2,20,23,330.0,15274
2,20,24,927.0,8206
2,20,25,421.0,13482
2,20,26,469.0,16266
2,20,27,442.0,13490
2,20,28,602.0,7206
2,21,1,156.0,248112
2,21,2,455.0,117804
2,21,3,293.0,370755
2,21,4,223.0,181651
2,21,5,227.0,140838
2,21,6,334.0,101012
2,21,7,368.0,99449
2,21,8,256.0,82052
2,21,9,348.0,63022
2,21,12,416.0,79350
2,21,13,350.0,51056
2,21,15,406.0,48264
2,21,16,325.0,45795
2,21,17,407.0,53706
2,23,1,157.0,247831
2,23,2,374.0,136024
2,23,3,291.0,372594
2,23,4,223.0,181643
2,23,5,989.0,20661
2,23,6,334.0,101049
2,23,7,368.0,99458
2,23,8,266.0,80538
2,23,9,349.0,62901
2,23,10,298.0,60899
2,23,11,357.0,78427
2,23,12,455.0,73059
2,23,13,379.0,48608
2,23,14,354.0,46481
2,23,15,402.0,48482
2,23,16,493.0,31867
2,23,17,372.0,57233
2,23,18,590.0,23334
2,23,19,365.0,42185
2,23,20,397.0,28495
2,23,21,262.0,29709
2,23,22,179.0,27225
2,23,23,322.0,15462
2,23,24,468.0,20303
2,23,25,413.0,13636
2,23,26,470.0,16238
2,23,27,418.0,13950
2,23,28,603.0,7194
3,1,1,151.0,250884
3,1,2,355.0,141043
3,1,3,282.0,378622
3,1,4,349.0,130587
3,1,5,325.0,112485
3,1,6,1050.0,11377
3,1,7,368.0,99335
3,1,8,246.0,83474
3,1,9,349.0,62914
3,1,10,299.0,60828
3,1,11,357.0,78429
3,1,12,406.0,80846
3,1,13,350.0,51029
3,1,14,333.0,47866
3,1,15,402.0,48517
3,1,16,323.0,45977
3,1,17,371.0,57262
3,1,18,374.0,33292
3,1,19,363.0,42579
3,1,20,394.0,28612
3,1,21,253.0,30084
3,1,22,179.0,27226
3,1,23,302.0,16010
3,1,24,460.0,20546
3,1,25,413.0,13635
3,1,26,469.0,16260
3,1,27,419.0,13936
3,1,28,596.0,7232
3,1,34,417.0,1705
3,1,35,359.0,2392
3,1,36,407.0,1145
3,2,1,183.0,212687
3,2,2,354.0,141054
3,2,3,282.0,378735
3,2,4,228.0,179664
3,2,5,224.0,141614
3,2,6,329.0,101961
3,2,7,377.0,98036
3,2,8,246.0,83475
3,2,9,349.0,62927
3,2,10,299.0,60836
3,2,11,357.0,78493
3,2,12,406.0,80746
3,2,13,350.0,51023
3,2,14,349.0,46855
3,2,15,513.0,40453
3,2,16,323.0,45936
3,3,1,183.0,212604
3,3,2,355.0,140959
3,3,3,282.0,378623
3,3,6,329.0,102005
3,3,7,368.0,99385
3,3,8,256.0,82053
3,3,9,343.0,63508
3,3,10,298.0,60903
3,3,11,357.0,78450
3,3,12,407.0,80629
3,3,13,366.0,49754
3,3,14,333.0,47878
3,3,15,402.0,48518
3,4,1,172.0,232118
3,4,2,361.0,139344
3,4,3,282.0,378574
3,4,5,229.0,140109
3,4,6,330.0,101713
3,4,7,368.0,99319
3,4,8,252.0,82573
3,4,9,344.0,63443
3,4,10,350.0,56449
3,4,11,357.0,78506
3,4,12,407.0,80613
3,4,13,350.0,51039
3,4,14,333.0,47863
3,4,15,402.0,48485
3,4,16,333.0,45128
3,4,17,377.0,56765
3,4,18,359.0,34075
3,4,19,371.0,41600
3,5,1,185.0,208382
3,5,2,360.0,139524
3,5,3,287.0,374819
3,5,4,231.0,178022
3,5,5,230.0,139819
3,5,6,331.0,101524
3,5,7,370.0,99042
3,5,8,257.0,81905
3,5,9,343.0,63477
3,5,10,299.0,60831
3,5,11,386.0,74351
3,5,12,413.0,79670
3,6,1,153.0,250162
3,6,2,355.0,141018
3,6,3,301.0,365254
3,6,4,224.0,181472
3,6,5,228.0,140354
3,6,6,331.0,101647
3,6,7,368.0,99421
3,6,8,246.0,83564
3,6,9,344.0,63363
3,6,10,298.0,60900
3,6,11,357.0,78513
3,6,12,406.0,80731
3,7,1,164.0,242957
3,7,2,355.0,140972
3,7,3,291.0,372598
3,7,4,223.0,181527
3,7,5,225.0,141572
3,7,6,332.0,101414
3,7,7,379.0,97832
3,7,8,257.0,81872
3,7,10,298.0,60857
3,8,1,183.0,212475
3,8,2,492.0,109424
3,8,3,282.0,378393
3,8,4,238.0,174488
3,8,5,243.0,135070
3,8,7,391.0,95880
3,8,8,246.0,83476
3,8,9,344.0,63448
3,8,10,299.0,60839
3,8,12,406.0,80768
3,8,13,350.0,51030
3,8,14,332.0,47911
3,9,1,168.0,236434
3,9,2,355.0,141019
3,9,3,283.0,378021
3,9,5,225.0,141492
3,9,6,328.0,102109
3,9,7,368.0,99362
3,9,8,246.0,83565
3,9,10,1302.0,5325
3,9,14,334.0,47835
3,9,16,847.0,12771
3,9,17,371.0,57289
3,9,19,362.0,42595
3,9,20,382.0,29078
3,9,21,245.0,30468
3,9,22,181.0,27091
3,10,1,166.0,240077
3,10,2,356.0,140611
3,10,3,289.0,373990
3,10,4,258.0,165079
3,10,5,224.0,141659
3,10,6,328.0,102123
3,10,7,385.0,96779
3,10,8,258.0,81692
3,10,9,347.0,63085
3,10,10,299.0,60840
3,10,11,366.0,77214
3,10,12,407.0,80659
3,10,13,351.0,50894
3,10,14,333.0,47873
3,10,15,402.0,48519
3,10,16,345.0,44112
3,10,17,372.0,57251
3,10,18,359.0,34050
3,10,19,724.0,12675
3,10,20,434.0,26977
3,10,21,263.0,29647
3,10,22,185.0,26797
3,11,1,183.0,212606
3,11,2,355.0,141007
3,11,3,282.0,378517
3,11,4,223.0,181528
3,11,5,224.0,141626
3,11,6,331.0,101615
3,11,7,368.0,99406
3,11,8,246.0,83501
3,11,9,343.0,63482
3,11,10,299.0,60775
3,11,11,364.0,77558
3,11,12,406.0,80833
3,11,13,511.0,38782
3,11,15,405.0,48312
3,11,16,332.0,45170
3,12,1,162.0,244304
3,12,2,359.0,140001
3,12,3,282.0,378624
3,12,4,549.0,19300
3,12,5,1211.0,8071
3,12,6,1080.0,10323
3,12,7,371.0,98859
3,12,8,247.0,83372
3,12,9,343.0,63500
3,12,10,308.0,59973
3,12,11,364.0,77463
3,12,12,408.0,80500
3,12,13,350.0,51040
3,12,16,489.0,32362
3,12,17,372.0,57247
3,12,18,535.0,26171
3,12,19,363.0,42530
3,12,20,394.0,28615
3,12,23,301.0,16030
3,12,24,460.0,20541
3,13,1,164.0,242061
3,13,2,359.0,139983
3,13,3,282.0,378394
3,13,4,552.0,18358
3,13,5,224.0,141616
3,13,6,341.0,99707
3,13,7,368.0,99422
3,13,8,246.0,83478
3,13,9,350.0,62777
3,13,10,299.0,60829
3,13,11,357.0,78533
3,13,12,406.0,80795
3,13,13,379.0,48609
3,13,14,332.0,47912
3,14,1,183.0,212208
3,14,2,355.0,141044
3,14,3,289.0,373702
3,14,7,384.0,96978
3,14,8,246.0,83502
3,14,9,353.0,62542
3,14,10,299.0,60819
3,14,11,363.0,77741
3,14,12,406.0,80806
3,14,13,350.0,51031
3,14,15,401.0,48539
3,14,16,324.0,45893
3,14,17,371.0,57290
3,15,1,160.0,246259
3,15,2,355.0,140960
3,15,3,282.0,378736
3,15,4,563.0,15619
3,15,5,230.0,139769
3,15,6,329.0,102023
3,15,7,368.0,99363
3,15,8,246.0,83503
3,15,9,348.0,63025
3,15,10,313.0,59598
3,15,11,357.0,78514
3,15,12,406.0,80847
3,15,13,434.0,44471
3,15,14,334.0,47812
3,15,15,402.0,48457
3,15,17,371.0,57273
3,15,18,569.0,24360
3,15,19,622.0,17275
3,15,20,418.0,27696
3,15,22,186.0,26755
3,16,1,181.0,217785
3,16,2,360.0,139710
3,16,3,282.0,378576
3,16,4,564.0,30646
3,16,5,224.0,141646
3,16,6,328.0,102099
3,16,7,571.0,71275
3,16,8,452.0,54834
3,16,9,343.0,63502
3,16,10,1340.0,4157
3,16,11,365.0,77412
3,17,1,158.0,247317
3,17,2,359.0,139984
3,17,3,286.0,376133
3,17,5,228.0,140418
3,17,6,334.0,101123
3,17,7,368.0,99407
3,17,8,252.0,82578
3,17,9,343.0,63489
3,17,10,311.0,59774
3,17,11,364.0,77559
3,17,12,406.0,80817
3,17,13,427.0,44934
3,17,14,334.0,47820
3,17,15,433.0,46207
3,17,16,372.0,41841
3,18,1,162.0,244330
3,18,2,355.0,141020
3,18,3,282.0,378467
3,18,4,230.0,178441
3,18,5,224.0,141660
3,18,6,330.0,101672
3,18,7,370.0,99044
3,18,8,246.0,83566
3,18,9,343.0,63490
3,18,10,299.0,60820
3,18,11,357.0,78494
3,18,12,406.0,80801
3,18,13,349.0,51078
3,18,14,350.0,46822
3,18,15,406.0,48236
3,18,17,372.0,57245
3,18,18,364.0,33804
3,18,19,364.0,42456
3,18,20,389.0,28803
3,18,21,245.0,30481
3,18,22,226.0,20088
3,18,23,665.0,9505
3,18,24,460.0,20547
3,18,25,413.0,13637
3,18,26,1548.5,1382
3,19,1,175.0,228411
3,19,2,355.0,141046
3,19,3,282.0,378668
3,19,4,224.0,181357
3,19,5,224.0,141661
3,19,6,333.0,101265
3,19,7,368.0,99408
3,19,8,257.0,81847
3,19,9,343.0,63503
3,19,10,299.0,60841
3,19,11,357.0,78540
3,19,12,406.0,80807
3,19,13,350.0,51032
3,20,1,435.0,35514
3,20,2,670.0,14766
3,20,3,282.0,378920
3,20,6,1117.0,9318
3,20,7,368.0,99426
3,20,8,904.5,3568
3,20,13,1437.0,4177
3,20,15,402.0,48521
3,20,16,561.0,26098
3,21,1,151.0,251052
3,21,2,354.0,141055
3,21,3,282.0,378582
3,21,5,413.0,91743
3,21,6,332.0,101417
3,21,7,370.0,99047
3,21,8,246.0,83458
3,21,9,344.0,63450
3,21,10,299.0,60832
3,21,11,357.0,78507
3,21,12,406.0,80848
3,21,13,510.0,38953
3,21,14,1684.0,4279
3,21,15,401.0,48538
3,21,16,323.0,45978
3,21,17,371.0,57291
3,21,18,567.0,24465
3,22,1,183.0,212694
3,22,2,356.0,140613
3,22,3,282.0,378526
3,22,4,548.0,19795
3,22,5,235.0,137862
3,22,6,328.0,102101
3,22,7,368.0,99409
3,22,8,246.0,83505
3,22,9,344.0,63464
3,22,10,299.0,60800
3,22,11,363.0,77696
3,22,12,406.0,80849
3,22,13,365.0,49794
3,22,14,333.0,47883
3,22,15,402.0,48512
3,22,16,345.0,44130
3,22,17,371.0,57274
3,22,18,377.0,33079
3,22,19,362.0,42659
3,23,1,183.0,212695
3,23,2,354.0,141078
3,23,3,282.0,378676
3,23,7,368.0,99427
3,23,8,246.5,83438
3,23,9,350.0,62854
3,23,10,311.0,59822
3,23,11,357.0,78508
3,23,12,410.0,80159
3,23,13,351.0,50922
3,23,14,349.0,46858
3,23,15,402.0,48472
3,23,16,323.0,45979
3,23,17,371.0,57278
3,23,18,378.0,33009
3,23,19,363.0,42531
3,23,20,374.0,29376
3,23,21,258.0,29868
3,24,1,154.0,249436
3,24,2,355.0,141009
3,24,3,282.0,378629
3,24,5,224.0,141662
3,24,6,330.0,101717
3,24,7,390.0,95956
3,24,8,456.0,54097
3,24,9,571.0,45492
3,24,16,324.0,45895
3,24,17,373.0,57117
3,24,18,360.0,34037
3,24,21,245.0,30469
3,24,23,301.0,16032
3,24,24,460.0,20555
3,24,26,470.0,16239
3,24,27,419.0,13938
3,25,1,163.0,243610
3,25,2,355.0,141022
3,25,3,282.0,378744
3,25,5,232.0,138761
3,25,6,335.0,100950
3,25,7,378.5,97838
3,25,8,453.0,54571
3,25,9,384.0,59638
3,25,10,320.0,58859
3,25,11,363.0,77761
3,25,12,406.0,80760
3,26,1,186.0,183890
3,26,2,675.0,71813
3,26,3,282.0,378631
3,26,4,224.0,181332
3,26,5,225.0,141575
3,26,6,329.0,102006
3,26,7,369.0,99293
3,26,9,1374.0,7637
3,26,10,531.0,42191
3,26,11,374.0,76149
3,26,12,406.0,80769
3,26,13,375.0,48927
3,26,14,334.0,47806
3,26,15,427.0,46700
3,26,16,325.0,45820
3,26,17,372.0,57242
3,26,19,362.0,42649
3,26,20,395.0,28566
3,26,21,252.0,30111
3,26,23,322.0,15446
3,26,24,1449.0,3535
3,26,25,409.0,13703
3,26,26,475.0,16113
3,27,1,185.0,208390
3,27,2,360.0,139669
3,27,3,289.0,373826
3,27,4,230.0,178573
3,27,5,224.0,141617
3,27,6,337.0,100379
3,27,7,368.0,99410
3,27,8,486.0,48895
3,27,9,385.0,59612
3,27,10,299.0,60807
3,28,1,158.0,247131
3,28,2,355.0,140961
3,28,3,282.0,378584
3,28,4,223.0,181575
3,28,5,230.0,139514
3,28,6,333.0,101184
3,28,7,555.0,73513
3,28,8,247.0,83406
3,28,9,344.0,63469
3,28,10,299.0,60808
3,28,11,357.0,78544
3,29,1,154.0,249584
3,29,2,355.0,141010
3,29,3,282.0,378677
3,29,4,223.0,181576
3,29,5,224.0,141618
3,29,6,330.0,101691
3,29,7,617.0,64246
3,29,8,246.0,83567
3,29,9,343.0,63495
3,29,10,399.0,52300
3,29,11,363.0,77719
3,29,12,406.0,80809
3,29,13,367.0,49704
3,30,1,159.0,246740
3,30,2,360.0,139577
3,30,3,282.0,378678
3,30,4,224.0,181507
3,30,5,224.0,141721
3,30,6,331.0,101530
3,30,7,368.0,99411
3,30,8,247.0,83429
4,1,1,185.0,207833
4,1,2,357.0,140385
4,1,3,282.0,378745
4,1,7,368.0,99428
4,1,8,258.0,81631
4,1,11,575.0,47825
4,2,1,151.0,251053
4,2,2,354.0,141079
4,2,3,282.0,378747
4,2,13,350.0,51041
4,2,14,332.0,47913
4,2,19,366.0,42152
4,2,21,245.0,30482
4,2,26,762.0,10786
4,2,27,420.5,13902
4,2,28,599.0,7217
4,2,31,515.0,3992
4,2,32,717.5,398
4,2,38,448.0,270
4,2,39,809.0,815
4,2,40,462.5,522
4,2,41,644.0,2741
4,2,46,493.0,914
4,2,48,1490.0,211
4,2,49,667.0,2307
4,2,58,777.5,6
4,2,59,130.0,4
4,3,1,155.0,248619
4,3,2,354.0,141058
4,3,3,282.0,378749
4,3,7,644.0,59748
4,3,8,502.0,45040
4,3,13,350.0,51034
4,3,15,407.0,48155
4,3,16,323.0,45981
4,3,18,359.0,34056
4,3,20,421.0,27531
4,3,22,260.0,15612
4,4,1,163.0,243839
4,4,2,354.0,141080
4,4,3,282.0,378756
4,4,8,498.0,45961
4,4,10,678.0,32269
4,4,11,360.0,78145
4,4,12,406.0,80865
4,4,13,350.0,51047
4,4,15,401.0,48524
4,4,17,371.0,57297
4,4,19,362.0,42630
4,4,22,181.0,27084
4,4,24,632.0,16387
4,4,30,1476.0,213
4,5,1,153.0,250218
4,5,2,354.0,141061
4,5,3,282.0,378757
4,5,4,223.0,181577
4,5,7,547.0,74853
4,5,14,777.0,25771
4,5,15,402.0,48461
4,5,16,325.0,45797
4,5,19,491.0,27560
4,5,24,767.0,12371
4,5,27,515.0,12121
4,5,30,196.0,2755
4,5,31,477.0,4570
4,5,33,221.0,3571
4,5,35,358.0,2397
4,5,37,250.0,1227
4,6,1,154.0,249119
4,6,2,355.0,140805
4,6,3,282.0,378760
4,6,4,460.0,89527
4,6,7,368.0,99392
4,6,9,346.0,63233
4,6,12,408.0,80447
4,6,13,350.0,51050
4,6,16,323.0,45982
4,6,17,371.0,57292
4,6,21,793.0,14001
4,6,24,467.0,20352
4,6,25,420.0,13493
4,6,34,529.0,1049
4,6,35,359.0,2386
4,7,1,191.0,169755
4,7,2,360.0,139599
4,7,3,282.0,378763
4,7,4,460.0,89572
4,7,9,343.0,63491
4,7,14,333.0,47876
4,7,15,402.0,48514
4,7,20,374.0,29358
4,7,22,187.0,26634
4,7,25,422.0,13446
4,8,1,158.0,247318
4,8,2,354.0,141081
4,8,3,282.0,378694
4,8,8,498.0,46011
4,8,9,348.0,62982
4,8,11,357.0,78516
4,8,13,350.0,50970
4,8,15,404.0,48383
4,8,17,609.0,34287
4,8,18,359.0,34066
4,8,19,364.0,42405
4,8,23,1989.0,1259
4,9,1,154.0,249630
4,9,2,355.0,141034
4,9,3,282.0,378767
4,9,11,576.0,47879
4,9,12,411.0,80021
4,9,13,350.0,50972
4,9,16,329.0,45430
4,9,17,371.0,57293
4,9,21,708.0,15945
4,9,26,761.0,10797
4,9,27,418.0,13951
4,9,28,598.5,7218
4,9,29,480.0,9279
4,9,31,515.0,4038
4,10,1,156.0,248023
4,10,2,355.0,140962
4,10,3,518.0,216897
4,10,8,246.0,83568
4,10,10,300.0,60718
4,10,11,357.0,78517
4,10,13,376.0,48854
4,10,14,345.0,47160
4,10,17,371.0,57282
4,10,19,491.0,27568
4,10,20,397.0,28482
4,10,22,179.0,27227
4,11,1,151.0,251054
4,11,2,357.0,140471
4,11,3,282.0,378769
4,11,4,460.0,89578
4,11,8,246.0,83576
4,11,9,343.0,63509
4,11,11,576.0,47884
4,11,13,350.0,51051
4,11,17,371.0,57283
4,11,22,180.0,27130
4,12,1,215.0,144541
4,12,2,360.0,139649
4,12,3,282.0,378643
4,12,7,369.0,99294
4,12,10,299.0,60823
4,12,11,366.0,77158
4,12,12,407.0,80637
4,12,15,635.0,29332
4,13,1,215.0,127170
4,15,1,180.0,175697
4,15,5,227.0,140919
4,15,6,328.0,102126
4,15,9,1647.5,398
4,15,10,311.0,59798
4,15,18,373.0,33363
4,15,19,367.0,42056
4,15,20,725.0,16863
4,15,21,300.0,28053
4,15,22,185.0,26795
4,15,25,435.0,13203
4,15,26,469.0,16262
4,15,29,480.0,9287
4,15,34,414.0,1728
4,15,35,358.5,2396
4,15,36,408.0,1142
4,15,37,265.0,2852
4,16,1,192.0,200373
4,16,3,518.0,216903
4,16,5,225.0,141512
4,16,6,328.0,102088
4,16,7,371.0,98863
4,16,10,308.0,59975
4,16,16,393.0,40381
5,1,1,164.0,242993
5,1,2,354.0,141105
5,1,3,302.0,363913
5,1,4,265.0,161843
5,1,5,252.0,132472
5,1,7,408.0,93529
5,2,1,165.0,242006
5,2,2,359.0,139840
5,2,3,300.0,365732
5,2,4,223.0,181658
5,2,5,225.0,141513
5,2,6,360.0,96272
5,2,7,412.0,92933
5,2,8,247.0,83298
5,2,9,347.0,63111
5,2,10,307.0,60101
5,2,11,364.0,77489
5,2,12,407.0,80589
5,2,13,371.0,49275
5,2,14,332.0,47944
5,2,15,404.0,48359
5,2,16,363.0,42692
5,2,17,390.0,55313
5,3,1,176.0,226064
5,3,2,360.0,139516
5,3,3,282.0,378918
5,3,4,226.0,180416
5,3,5,229.0,139929
5,3,6,347.0,98726
5,3,7,381.0,97462
5,4,1,175.0,226622
5,4,2,354.0,141167
5,4,3,295.0,369044
5,4,4,224.0,181447
5,4,5,241.0,135684
5,5,1,180.0,219477
5,5,2,356.0,140619
5,5,3,301.0,364577
5,5,4,240.0,173512
5,5,5,255.0,131834
5,5,6,330.0,101727
5,5,7,377.0,98056
5,5,8,323.0,72214
5,5,9,405.0,57814
5,5,10,374.0,54282
5,5,11,493.0,59514
5,5,12,405.0,80904
5,6,2,722.0,60087
5,6,4,274.0,158334
5,6,6,335.0,100827
5,6,7,379.0,97750
5,6,8,295.0,76258
5,6,9,785.0,28599
5,6,10,379.0,53825
5,6,11,385.0,74611
5,6,17,611.0,34134
5,6,18,374.0,33297
5,6,19,363.0,42506
5,7,1,184.0,181403
5,7,2,668.0,74355
5,7,3,290.0,373416
5,7,4,489.0,66475
5,7,5,224.0,141728
5,7,6,332.0,101457
5,8,1,215.0,162401
5,8,2,730.0,54712
5,8,3,413.0,294027
5,8,4,228.0,179693
5,8,5,339.0,108554
5,9,1,162.0,244706
5,9,2,355.0,140815
5,9,4,250.0,169029
5,9,5,229.0,140166
5,9,6,341.0,99620
5,9,7,389.0,96192
5,9,8,757.0,17817
5,10,1,220.0,155047
5,10,2,368.0,137615
5,10,3,292.0,371675
5,10,4,228.0,179525
5,10,5,754.0,37987
5,11,1,299.0,84618
5,11,2,358.0,140246
5,11,3,287.0,374840
5,11,4,370.0,123272
5,11,5,224.0,141602
5,11,6,349.0,98367
5,11,7,368.0,99358
5,11,8,246.0,83558
5,11,9,699.0,34943
5,11,10,700.0,30698
5,11,11,396.0,73092
5,11,12,423.0,78236
6,1,4,258.0,165276
6,1,5,231.0,139324
6,1,6,335.0,100789
6,1,7,1084.0,10271
6,1,8,328.0,71651
6,1,12,448.0,74250
6,1,13,450.0,43265
6,2,2,377.0,135350
6,2,3,292.0,371200
6,2,5,228.0,140427
6,2,6,336.0,100662
6,2,7,380.0,97542
6,2,8,409.0,60568
6,2,10,299.0,60816
6,3,3,297.0,367524
6,3,4,292.0,151196
6,3,5,224.0,141628
6,3,6,434.0,83864
6,3,7,460.0,86483
6,3,10,354.0,56133
6,4,2,361.0,139462
6,4,3,288.0,374343
6,4,4,253.0,167948
6,4,6,332.0,101393
6,5,2,361.0,139347
6,5,3,284.0,377371
6,5,4,234.0,176673
6,5,5,225.0,141442
6,5,7,394.0,95438
6,6,2,360.0,139726
6,6,3,282.0,378702
6,6,4,275.0,157510
6,6,5,224.0,141629
6,6,6,588.0,54433
6,6,7,516.0,79085
6,6,9,405.0,57800
6,6,10,298.0,60902
6,6,11,383.0,74914
6,7,2,356.0,140620
6,7,3,288.0,374565
6,7,4,223.0,181647
6,7,5,229.0,140062
6,7,6,361.0,96161
6,8,2,432.0,123624
6,8,3,353.0,330017
6,8,4,305.0,145990
6,8,5,229.0,140216
6,9,3,377.0,314866
6,9,5,236.0,137375
6,9,7,462.0,86255
6,9,12,426.0,77891
6,10,2,399.0,130602
6,10,3,357.0,327259
6,10,4,235.0,175797
6,10,5,249.0,133553
6,10,6,344.0,99223
6,10,7,476.0,84424
6,10,8,537.0,32383
6,10,9,349.0,62903
6,10,10,401.0,52201
6,11,2,410.0,128521
6,11,3,302.0,363811
6,11,4,223.0,181580
6,11,5,224.0,141621
6,11,6,420.0,86297
6,11,7,368.0,99413
6,11,8,246.0,83587
6,11,9,449.0,54417
6,12,1,162.0,244487
6,12,2,377.0,135133
6,12,3,377.0,314872
6,12,4,293.0,150738
6,13,1,156.0,248004
6,13,2,368.0,137571
6,13,3,287.0,374979
6,13,4,228.0,179714
6,13,7,370.0,99048
6,15,1,159.0,246769
6,15,2,361.0,139283
6,15,3,347.0,333818
6,15,4,230.0,178460
6,15,6,466.0,79017
6,16,1,169.0,234692
6,16,2,394.0,131771
6,16,3,524.0,207187
6,16,4,235.0,176007
6,16,7,502.0,80913
6,16,10,423.0,50562
6,17,1,155.0,248829
6,17,2,360.0,139729
6,17,3,293.0,371126
6,17,4,538.0,45480
6,17,5,378.0,99733
6,18,1,152.0,250578
6,18,2,360.0,139608
6,18,3,595.0,110465
6,18,4,230.0,178351
6,19,1,172.5,231646
6,19,2,366.0,137957
6,19,4,280.0,155929
6,19,6,333.0,101223
6,19,9,588.0,44123
6,20,1,156.0,248169
6,20,2,355.0,141035
6,20,3,282.0,378424
6,20,4,224.0,181489
6,20,5,237.0,137015
6,20,6,334.0,101065
6,20,7,411.0,92978
6,20,8,261.0,81165
6,21,1,168.0,236631
6,21,2,356.0,140621
6,21,3,303.0,362738
6,21,4,256.0,166182
6,22,1,173.0,231557
6,22,2,422.0,126207
6,22,3,282.0,378903
6,22,4,231.0,177987
6,22,5,233.0,138454
6,23,2,371.0,136595
6,23,3,288.0,374345
6,23,5,396.0,95708
6,23,6,332.0,101382
6,23,7,368.0,99374
6,23,9,392.0,59066
6,24,1,153.0,250008
6,24,3,302.0,364387
6,24,5,233.0,138351
6,25,1,162.0,244143
6,25,3,346.0,334729
6,25,5,286.0,122686
6,25,6,343.0,99387
6,26,1,167.0,239251
6,26,3,282.0,378344
6,26,4,240.0,173653
6,27,1,165.0,242007
6,27,2,368.0,137486
6,27,4,225.0,180908
6,28,2,503.0,107298
6,28,3,282.0,378913
6,28,4,224.0,181341
7,1,2,425.0,125507
7,1,4,478.0,78148
7,1,5,538.0,64722
7,1,6,647.0,43175
7,2,2,694.0,18224
7,2,3,527.0,200666
7,2,4,559.0,16793
7,2,5,287.0,122253
7,3,3,518.0,216559
7,4,2,457.0,117307
7,4,3,534.0,187797
7,6,3,472.0,255520
7,6,4,305.0,146061
7,7,2,458.0,117182
7,7,4,522.0,53196
7,7,5,528.0,67330
7,8,4,519.0,54541
7,9,2,409.0,128751
7,9,3,532.0,191429
7,9,4,415.0,110490
7,9,5,944.0,24918
7,9,6,393.0,90560
7,10,1,183.0,212482
7,10,2,470.0,114067
7,10,3,525.0,205758
7,10,5,249.0,133639
7,11,1,288.0,99768
7,11,3,530.0,195753
7,11,4,484.0,75047
7,12,1,182.0,210847
7,12,2,657.0,78218
7,12,4,286.0,153516
7,13,1,168.0,236830
7,14,1,168.0,237382
7,14,2,410.0,128568
7,14,4,415.0,110346
7,15,1,193.0,201942
7,15,3,441.5,275816
7,15,4,379.0,120384
7,16,4,256.0,166048
7,17,1,168.0,237296
7,17,2,625.0,84223
7,17,3,616.0,39887
7,17,4,305.0,146001
7,17,5,862.0,30672
7,18,1,158.0,247269
7,19,1,168.0,237114
7,19,2,409.0,128752
7,19,3,614.0,73064
7,19,4,549.0,23987
7,20,1,174.0,230320
7,21,1,170.0,233616
7,22,1,159.0,246623
7,22,2,409.0,128753
7,22,3,377.0,314920
7,22,5,290.0,121235
7,23,1,189.0,188329
7,23,3,377.0,314921
7,23,5,230.0,139484
7,24,1,80.0,9820
7,24,2,355.0,140978
8,1,2,441.0,121162
8,1,4,305.0,146062
8,1,5,1202.0,9329
8,1,7,449.0,87922
8,1,8,430.0,57752
8,1,13,450.0,43251
8,2,2,664.0,11055
8,2,4,337.0,134366
8,3,3,618.0,45262
8,3,4,308.0,144721
8,3,5,770.0,36605
8,3,7,485.0,83137
8,3,8,433.0,57284
8,3,9,843.0,24978
8,3,10,440.0,49294
8,4,2,700.0,29797
8,4,3,393.0,305676
8,4,5,294.0,119875
8,5,5,251.0,132931
8,5,6,989.5,14422
8,6,2,375.0,135631
8,6,4,350.0,130274
8,6,7,490.0,82595
8,6,12,442.0,75305
8,7,2,472.0,113700
8,7,4,450.0,94428
8,9,2,409.0,128754
8,9,4,305.0,145709
8,10,1,168.0,238455
8,10,2,480.0,111681
8,10,3,610.0,80715
8,10,5,290.0,121192
8,10,6,393.0,90493
8,10,7,497.0,81625
8,11,1,168.0,238041
8,11,2,411.0,128443
8,12,2,409.0,128804
8,12,4,303.0,146791
8,13,1,210.0,138045
8,13,4,335.0,135260
8,13,7,591.0,68326
8,13,9,440.0,55037
8,14,1,169.0,234795
8,14,2,427.0,124802
8,14,3,610.0,78348
8,14,6,442.0,82565
8,15,4,306.0,145452
8,15,5,283.0,123505
8,16,1,442.0,36252
8,16,2,728.0,56778
8,16,3,389.0,308039
8,16,5,701.0,42783
8,17,2,409.0,128755
8,17,3,294.0,370395
8,17,4,560.5,29024
8,17,6,623.0,46110
8,18,1,185.0,171841
8,18,2,392.0,132251
8,18,4,461.0,88635
8,18,6,374.0,93756
8,18,9,490.5,51506
8,19,1,161.0,245421
8,20,1,151.0,250981
8,20,2,409.0,128805
8,21,2,434.0,123102
8,21,4,328.0,137824
8,22,2,415.0,127586
8,22,3,387.0,308977
8,22,4,372.0,122556
8,23,2,408.5,128806
8,23,4,262.0,163339
8,24,1,168.0,238042
8,24,2,410.0,128523
8,25,1,331.0,23409
8,25,3,574.0,133348
8,26,1,168.0,238456
8,26,3,369.0,319773
8,26,4,331.0,136603
8,27,1,167.0,238913
8,27,3,310.0,358043
8,28,1,190.0,190365
8,28,2,700.0,66468
8,28,3,302.0,364028
8,28,4,391.0,116551
8,29,1,292.0,94818
8,29,2,404.0,129808
8,29,3,603.0,95154
8,30,2,416.0,127359
8,30,3,519.0,213785
8,30,4,560.0,16324
8,30,6,830.0,25642
8,30,7,588.0,68782
8,30,8,384.0,63921
8,31,1,153.0,249849
8,31,3,387.0,308978
8,31,5,402.0,94495
8,33,1,168.0,236831
8,33,3,293.0,370863
8,33,4,257.0,165476
8,33,5,281.0,123830
8,34,3,383.0,311161
8,34,4,305.0,145929
8,34,6,810.0,27220
8,34,7,381.0,97485
8,34,10,394.0,52681
8,35,1,464.0,30063
8,35,3,349.0,332430
8,35,5,554.0,60363
8,36,1,175.0,227542
8,36,3,399.0,302129
8,36,6,377.0,93219
8,37,1,270.5,21688
8,37,3,574.0,133349
8,38,1,156.0,247916
8,38,3,386.0,309545
8,38,4,371.0,122770
8,38,6,335.0,100811
8,39,3,530.0,197067
8,39,4,260.0,164262
9,1,11,620.0,33791
9,1,13,482.0,41168
9,1,19,526.0,23025
9,1,25,714.0,8897
9,1,26,1428.0,2876
9,1,28,1505.0,1328
9,2,17,1616.0,1575
9,2,18,464.0,28952
9,2,25,925.0,6077
9,2,26,1566.0,1349
9,3,6,431.0,84466
9,3,7,606.0,65945
9,3,9,776.0,29054
9,3,12,496.0,63915
9,3,23,726.0,8602
9,4,14,650.0,31490
9,4,15,655.0,27456
9,4,16,407.0,39348
9,4,17,385.0,55869
9,4,30,358.0,1108
9,5,7,526.0,77723
9,5,10,655.0,33714
9,5,11,429.0,69198
9,5,18,435.0,30179
9,5,21,726.0,15421
9,5,23,1636.0,2649
9,5,25,709.0,8983
9,5,27,661.0,9582
9,6,8,448.0,55426
9,6,9,429.0,55880
9,6,13,532.0,37477
9,6,16,713.0,17063
9,6,18,1367.5,5238
9,6,22,1099.0,5767
9,7,15,455.0,44417
9,7,40,495.0,386
9,8,14,816.0,23248
9,8,19,434.0,36324
9,8,25,571.0,10993
9,9,12,560.0,48338
9,9,14,428.0,42039
9,9,15,547.0,38019
9,9,18,528.0,26429
9,9,22,218.5,23554
9,9,31,522.0,3117
9,9,35,452.5,1764
9,9,45,81.0,1
9,10,5,568.0,56244
9,10,7,465.0,85776
9,10,8,450.0,55096
9,10,11,1421.5,1500
9,10,12,573.0,45373
9,11,5,536.0,65467
9,11,7,471.0,85046
9,11,13,665.0,28067
9,12,8,522.0,38479
9,12,11,447.0,66871
9,12,14,793.0,24751
9,12,17,1394.0,5647
9,12,24,651.0,15870
9,13,9,733.0,32055
9,13,13,761.5,22564
9,13,15,463.0,43943
9,13,17,1084.0,11558
9,13,18,522.0,26657
9,13,26,579.0,13987
9,14,9,428.0,55931
9,14,11,421.0,69955
9,14,12,450.0,73760
9,14,13,437.0,44291
9,14,14,1118.0,13613
9,14,16,408.0,39290
9,14,20,598.0,20842
9,14,27,716.0,7751
9,14,29,605.0,7955
9,18,2,627.0,83774
9,18,4,313.0,142974
9,18,5,412.0,92069
9,18,7,736.0,42675
9,18,9,1254.0,11605
9,18,11,844.0,13314
9,18,13,758.0,22694
9,18,14,1404.0,8476
9,18,20,1379.0,3903
9,19,9,686.0,35839
9,19,11,417.0,70498
9,19,21,1520.0,4840
9,20,8,448.0,55602
9,20,9,838.0,25194
9,20,16,477.0,33402
9,20,17,445.0,50251
9,20,18,464.0,28947
9,20,20,791.0,14674
9,20,22,791.0,8933
9,20,36,946.0,585
9,22,7,749.0,40975
9,22,11,438.0,68198
9,22,25,1320.0,2024
9,22,26,664.0,12453
9,22,28,863.5,5306
9,23,3,555.0,153415
9,23,4,572.0,10849
9,23,7,706.0,48004
9,23,8,470.0,51570
9,24,5,594.5,50634
9,24,7,680.0,52377
9,24,8,452.0,54839
9,24,12,590.5,40110
9,25,7,971.0,17743
9,25,8,373.0,65285
9,25,13,1252.5,8926
9,27,9,1185.0,13297
9,27,10,586.0,38720
9,27,11,454.0,65753
9,28,17,770.0,23066
9,28,18,467.0,28835
9,29,5,508.0,69514
9,29,7,469.0,85259
9,29,10,686.0,31342
9,30,7,981.0,16968
9,30,9,446.5,54602
9,30,18,570.5,24296
9,31,13,429.0,44821
9,31,26,1469.0,2259
9,33,7,909.0,22325
9,33,8,537.0,32118
9,33,13,504.0,39478
9,33,14,917.0,18491
9,33,17,1364.5,6034
9,33,18,505.0,27341
9,33,22,227.0,19327
9,33,23,1056.0,5489
9,33,24,566.0,17979
9,34,3,546.0,162347
9,34,4,313.0,143161
9,34,5,650.0,45028
9,35,8,481.0,49717
9,35,10,436.0,49516
9,35,11,515.0,56245
9,35,12,622.0,31921
9,35,14,678.0,30181
9,35,15,550.0,37753
9,35,23,690.0,9147
9,35,24,1020.0,6875
9,35,26,653.0,12655
9,35,27,661.0,9613
9,35,31,515.0,4155
9,36,6,528.0,68581
9,36,8,533.0,34660
9,36,9,446.0,54603
9,36,10,544.0,41176
9,36,11,844.0,13345
9,36,13,427.0,44899
9,36,14,811.0,23503
9,38,9,1523.0,1967
9,38,16,728.0,16464
9,38,23,317.5,15566
9,39,15,775.0,19195
9,40,6,521.0,69872
9,40,7,661.0,56324
9,40,8,355.0,67784
9,40,9,432.0,55643
10,1,2,362.0,138968
10,1,3,282.0,378770
10,1,4,369.0,123415
10,1,5,225.0,141443
10,1,6,348.0,98562
10,1,7,402.0,94411
10,1,8,254.0,82308
10,1,9,353.0,62545
10,1,10,317.0,59110
10,1,11,360.0,78147
10,1,12,564.0,47396
10,1,15,615.0,31238
10,1,18,360.0,34041
10,1,19,366.0,42128
10,1,20,374.0,29335
10,2,2,395.0,131535
10,2,4,230.0,178591
10,2,5,225.0,141539
10,2,6,329.0,102051
10,2,7,383.0,97107
10,2,8,258.0,81676
10,2,9,349.0,62921
10,2,10,300.0,60719
10,2,11,365.0,77316
10,2,12,406.0,80867
10,2,13,350.0,50955
10,2,14,333.0,47869
10,2,15,401.0,48525
10,3,2,355.0,140993
10,3,3,285.0,376852
10,3,4,224.0,181508
10,3,5,224.0,141730
10,3,6,333.0,101209
10,3,7,369.0,99289
10,3,8,281.0,78282
10,3,9,346.0,63244
10,3,10,309.0,59897
10,3,11,357.0,78446
10,3,12,406.0,80811
10,3,14,333.0,47881
10,3,15,402.0,48489
10,3,17,371.0,57299
10,3,18,373.0,33367
10,3,19,365.0,42236
10,3,20,410.0,28007
10,3,21,539.0,20597
10,3,22,181.0,27103
10,3,23,301.0,16033
10,3,26,469.0,16249
10,3,27,418.0,13947
10,3,28,602.0,7204
10,3,29,481.0,9270
10,3,30,196.0,2747
10,3,31,467.5,4658
10,3,32,614.0,445
10,3,33,221.0,3555
10,4,2,354.0,141083
10,4,4,223.0,181659
10,4,7,368.0,99430
10,4,8,247.0,83270
10,4,9,344.0,63369
10,4,10,299.0,60776
10,4,11,357.0,78545
10,4,13,567.0,35343
10,4,14,341.0,47377
10,4,15,412.5,47728
10,4,16,327.0,45649
10,4,17,373.0,57040
10,4,18,467.0,28842
10,4,20,396.0,28548
10,4,21,252.0,30131
10,4,22,188.0,26567
10,4,23,302.0,16003
10,5,2,355.0,140817
10,5,3,290.0,373025
10,5,4,223.0,181538
10,5,5,224.0,141604
10,5,6,331.0,101627
10,5,7,368.0,99359
10,5,8,254.0,82310
10,5,9,347.0,63095
10,5,10,306.0,60218
10,5,11,358.0,78315
10,5,12,416.0,79244
10,5,14,346.0,47106
10,5,16,330.0,45410
10,5,17,372.0,57219
10,5,18,393.0,32275
10,5,20,374.0,29353
10,6,2,355.0,140979
10,6,3,282.0,378541
10,6,4,234.0,176615
10,6,5,231.0,139236
10,6,6,329.0,101968
10,6,7,368.0,99445
10,6,8,258.0,81665
10,6,10,299.0,60773
10,6,11,357.0,78510
10,6,13,369.0,49540
10,6,14,349.0,46888
10,6,15,418.0,47373
10,6,16,325.0,45798
10,7,2,586.0,91316
10,7,3,349.0,332855
10,7,4,245.0,171150
10,7,5,224.0,141605
10,7,6,336.0,100541
10,7,7,368.0,99341
10,7,8,246.0,83452
10,7,9,348.0,63054
10,7,10,312.0,59668
10,7,11,357.0,78447
10,7,12,411.0,80022
10,7,13,374.0,48995
10,7,14,333.0,47861
10,7,16,330.0,45385
10,7,18,405.0,31728
10,7,20,374.0,29374
10,7,21,245.0,30483
10,7,23,302.0,16009
10,7,24,1257.0,4580
10,8,2,354.0,141084
10,8,4,223.0,181582
10,8,5,225.0,141400
10,8,6,349.0,98371
10,8,7,368.0,99309
10,8,9,346.0,63245
10,8,11,357.0,78538
10,8,12,406.0,80868
10,8,13,387.0,47942
10,8,16,323.0,45983
10,8,18,362.0,33885
10,8,20,374.0,29360
10,8,21,245.0,30484
10,8,22,212.0,24896
10,8,23,321.0,15485
10,8,25,416.0,13575
10,9,2,355.0,140844
10,9,3,291.0,371990
10,9,4,235.0,176144
10,9,5,228.0,140429
10,9,6,328.0,102116
10,9,7,378.0,97839
10,9,8,255.0,82292
10,9,11,364.0,77444
10,9,12,406.0,80724
10,9,13,350.0,51018
10,9,17,373.0,57069
10,9,18,361.0,33928
10,9,19,366.0,42146
10,9,20,379.0,29166
10,9,21,256.0,29964
10,10,2,361.0,139350
10,10,3,291.0,372533
10,10,4,226.0,180418
10,10,5,224.0,141670
10,10,6,339.0,99974
10,10,7,368.0,99455
10,10,8,464.0,52760
10,10,10,323.0,58573
10,10,11,357.0,78503
10,10,12,413.0,79703
10,10,13,381.0,48464
10,10,14,566.0,35485
10,10,15,431.0,46318
10,10,16,333.0,45120
10,10,17,371.0,57295
10,10,18,359.0,34063
10,10,22,188.0,26595
10,10,23,301.0,16034
10,10,26,556.0,14396
10,10,27,470.0,12913
10,10,28,717.0,6359
10,10,29,515.0,8930
10,10,30,260.0,2262
10,10,31,468.0,4657
10,10,32,677.0,417
10,10,34,414.0,1727
10,10,35,359.0,2387
10,10,36,407.0,1143
10,11,2,354.0,141085
10,11,3,282.0,378542
10,11,4,232.0,177639
10,11,5,227.0,140857
10,11,6,341.0,99742
10,11,7,381.0,97352
10,11,9,344.0,63451
10,11,10,298.0,60859
10,11,11,357.0,78466
10,11,12,406.0,80841
10,11,14,341.0,47378
10,11,15,402.0,48515
10,11,16,322.0,46053
10,11,18,359.0,34071
10,11,19,363.0,42527
10,11,20,375.0,29308
10,11,21,246.0,30447
10,11,22,179.0,27228
10,11,23,317.0,15582
10,11,24,460.0,20554
10,11,26,470.0,16240
10,11,27,420.0,13913
10,11,28,601.0,7208
10,11,29,511.0,8972
10,11,30,196.0,2735
10,11,31,469.0,4637
10,11,32,836.0,339
10,11,35,359.0,2395
10,11,36,407.0,1144
10,11,37,253.0,2927
10,11,38,381.0,306
10,12,2,360.0,139565
10,12,4,240.0,173468
10,12,5,224.0,141723
10,12,6,330.0,101816
10,12,7,368.0,99414
10,12,8,247.0,83423
10,12,9,350.0,62790
10,12,10,298.0,60889
10,12,12,410.0,80247
10,12,13,390.0,47759
10,12,18,362.0,33886
10,12,19,363.0,42483
10,12,20,374.0,29361
10,12,21,273.0,29196
10,12,22,188.0,26569
10,12,23,301.0,16029
10,12,24,463.0,20467
10,12,25,413.0,13627
10,12,26,469.0,16251
10,12,27,419.0,13930
10,12,28,596.5,7230
10,12,31,465.0,4673
10,13,1,151.0,251088
10,13,2,679.0,70708
10,13,16,324.0,45896
10,14,2,355.0,140926
10,14,3,288.0,374189
10,14,4,234.0,176386
10,14,5,233.0,138519
10,14,6,328.0,102117
10,14,8,258.0,81698
10,14,9,347.0,63102
10,14,10,306.0,60223
10,14,11,363.0,77683
10,14,12,406.0,80871
10,14,13,369.0,49532
10,14,14,334.0,47808
10,14,15,402.0,48490
10,14,16,330.0,45340
10,14,17,371.0,57267
10,14,18,374.0,33299
10,14,19,366.0,42180
10,14,23,315.0,15650
10,15,2,370.0,137054
10,15,3,292.0,371716
10,15,6,328.0,102147
10,15,7,379.0,97761
10,15,11,357.0,78531
10,15,12,406.0,80872
10,15,13,350.0,50985
10,15,14,334.0,47833
10,15,15,408.0,48007
10,15,16,326.0,45748
10,15,17,375.0,56945
10,15,18,360.0,34002
10,15,19,362.0,42631
10,15,23,301.0,16035
10,15,24,463.0,20468
10,15,26,474.0,16158
10,15,27,483.0,12699
10,15,28,602.0,7202
10,16,1,160.0,246048
10,16,2,361.0,139352
10,16,3,282.0,378878
10,16,4,223.0,181583
10,16,5,229.0,140118
10,16,6,328.0,102090
10,16,7,370.0,99104
10,16,8,248.0,83185
10,16,10,298.0,60861
10,16,11,357.0,78467
10,16,13,388.0,47934
10,17,1,151.0,251055
10,17,2,373.0,136185
10,17,3,306.0,361260
10,17,4,255.0,166365
10,17,5,227.0,140858
10,17,6,332.0,101489
10,17,7,371.0,99015
10,17,8,246.0,83570
10,17,9,359.0,61972
10,17,10,314.0,59514
10,17,11,358.0,78273
10,17,12,410.0,80202
10,17,15,402.0,48475
10,17,16,349.0,43826
10,17,18,376.0,33169
10,17,19,362.0,42590
10,17,21,245.0,30485
10,17,22,185.0,26811
10,17,23,317.0,15578
10,17,24,630.0,16470
10,18,2,355.0,140994
10,18,3,291.0,371991
10,18,5,225.0,141403
10,18,10,299.0,60834
10,18,16,323.0,45984
10,18,17,372.0,57256
10,18,18,360.0,33987
10,18,19,364.0,42449
10,18,20,374.0,29337
10,18,21,252.0,30106
10,18,22,181.0,27085
10,18,23,302.0,16004
10,18,24,461.0,20530
10,19,2,355.0,140952
10,19,3,283.0,377980
10,19,4,223.0,181584
10,19,5,224.0,141711
10,19,6,343.0,99317
10,19,7,510.0,79897
10,19,9,348.0,63075
10,19,10,314.0,59489
10,19,11,358.0,78354
10,19,12,416.0,79324
10,19,13,413.0,45786
10,20,1,152.0,250307
10,20,2,430.0,124185
10,20,4,223.0,181648
10,20,6,328.0,102127
10,20,7,378.0,97880
10,20,8,246.0,83559
10,20,9,343.0,63510
10,20,10,308.0,59999
10,20,11,364.0,77470
10,20,12,409.0,80349
10,20,13,350.0,51019
10,20,14,344.0,47177
10,20,15,402.0,48500
10,20,16,329.0,45435
10,20,17,371.0,57311
10,20,18,417.0,31042
10,20,19,366.0,42166
10,20,20,390.0,28768
10,20,21,252.0,30107
10,20,22,179.0,27229
10,20,24,460.0,20548
10,20,28,596.0,7236
10,20,29,482.0,9256
10,21,2,354.0,141115
10,21,3,282.0,378707
10,21,4,226.0,180421
10,21,5,224.0,141630
10,21,6,335.0,100796
10,21,7,370.0,99033
10,21,8,255.0,82157
10,21,9,350.0,62773
10,21,11,357.0,78521
10,21,12,405.0,80884
10,21,13,372.0,49162
10,21,14,373.0,45282
10,21,15,501.0,41415
10,21,16,347.0,43947
10,22,1,153.0,249954
10,22,2,354.0,141062
10,22,3,284.0,377466
10,22,5,225.0,141497
10,22,7,369.0,99257
10,22,8,269.0,80046
10,22,9,344.0,63470
10,22,10,299.0,60751
10,22,11,358.0,78355
10,22,12,414.0,79560
10,22,13,351.0,50869
10,22,14,332.0,47924
10,22,15,403.0,48408
10,22,16,331.0,45263
10,22,17,377.0,56682
10,22,19,407.0,38514
10,22,20,400.0,28347
10,22,21,268.0,29401
10,22,22,187.0,26667
10,22,23,308.0,15826
10,23,2,374.0,136009
10,23,3,293.0,371046
10,23,4,231.0,178247
10,23,5,224.0,141675
10,24,2,354.0,141088
10,24,3,282.0,378425
10,24,4,223.0,181609
10,24,5,224.0,141648
10,24,6,328.0,102118
10,24,7,368.0,99446
10,24,8,246.0,83571
10,24,10,300.0,60700
10,24,11,357.0,78457
10,24,12,407.0,80691
10,24,13,402.0,46895
10,24,14,353.0,46606
10,24,15,403.0,48443
10,24,16,325.0,45834
10,24,17,373.0,57074
10,24,18,360.0,34010
10,24,19,363.0,42493
10,24,20,386.0,28955
10,24,21,245.0,30472
10,24,22,181.0,27050
10,24,23,316.0,15621
10,24,24,573.0,17838
10,24,27,576.0,11156
10,24,28,600.0,7209
10,24,29,480.0,9292
10,25,1,158.0,246986
10,25,2,354.0,141152
10,25,5,225.0,141411
10,25,6,335.0,100902
10,25,7,371.0,98991
10,25,9,351.0,62731
10,25,10,298.0,60862
10,25,11,363.0,77684
10,25,12,406.0,80813
10,25,13,351.0,50928
10,25,14,341.0,47397
10,25,15,495.0,41826
10,25,16,323.0,45939
10,25,17,371.0,57296
10,26,2,362.0,139013
10,26,3,287.0,375249
10,26,4,226.0,180422
10,26,5,225.0,141275
10,26,6,330.0,101794
10,26,7,368.0,99431
10,26,8,264.0,80736
10,26,10,298.5,60844
10,26,15,408.0,48038
10,26,16,346.0,44013
10,26,17,371.0,57310
10,26,18,359.0,34084
10,26,19,362.0,42592
10,26,20,375.0,29318
10,27,2,355.0,141051
10,27,3,283.0,378148
10,27,4,224.0,181512
10,27,5,227.0,140859
10,27,6,335.0,100835
10,27,7,371.0,98839
10,27,8,247.0,83430
10,27,9,352.0,62598
10,27,10,317.0,59117
10,27,11,363.0,77751
10,27,12,412.0,79948
10,27,13,351.0,50929
10,27,14,336.0,47711
10,27,15,405.0,48313
10,27,16,337.0,44684
10,27,18,968.5,11362
10,27,19,363.0,42552
10,27,20,434.0,27027
10,27,21,251.0,30211
10,27,22,186.0,26749
10,28,2,361.0,139378
10,28,3,282.0,378597
10,28,4,228.0,179747
10,28,5,224.0,141677
10,28,6,333.0,101333
10,28,7,391.0,95889
10,28,8,246.0,83575
10,28,9,344.0,63444
10,28,10,320.0,58851
10,28,11,357.0,78492
10,28,12,408.0,80455
10,28,13,372.0,49246
10,28,14,333.0,47862
10,29,1,170.0,233853
10,29,2,358.0,140041
10,29,3,302.0,364175
10,29,4,228.0,179748
10,29,5,228.0,140522
10,29,6,329.0,102015
10,29,7,378.0,97881
10,29,8,247.0,83391
10,29,9,343.0,63507
10,29,10,300.0,60705
10,29,11,357.0,78425
10,29,12,413.0,79705
10,29,13,396.0,47291
10,29,15,516.0,40246
10,29,17,394.0,54948
10,30,2,357.0,140548
10,30,4,227.0,179867
10,30,5,224.0,141724
10,30,6,328.0,102082
10,30,7,368.0,99330
10,30,8,255.0,82255
10,30,9,387.0,59345
10,30,10,307.0,60113
10,30,11,357.0,78475
10,31,2,354.0,141090
10,31,3,284.0,377066
10,31,4,231.0,178306
10,31,5,232.0,138787
10,31,6,329.0,102016
10,31,7,371.0,98840
10,31,8,249.0,83094
10,31,9,344.0,63409
10,31,10,298.0,60891
10,31,11,363.0,77713
10,31,12,407.0,80607
10,31,13,350.0,50965
10,31,14,560.0,35699
10,31,15,407.0,48069
10,31,16,325.0,45791
10,31,17,386.0,55764
10,31,18,359.0,34064
10,31,19,363.0,42515
10,31,20,374.0,29334
10,31,21,943.0,11419
10,31,22,191.0,26307
10,31,24,466.0,20373
10,32,1,151.0,251089
10,32,3,293.0,370637
10,32,4,223.0,181585
10,32,5,239.0,136443
10,32,6,333.0,101233
10,32,8,256.0,82093
10,32,10,298.0,60866
10,32,11,363.0,77738
10,32,12,409.0,80326
10,32,13,349.0,51059
10,32,14,353.0,46567
10,32,15,404.0,48360
10,32,17,380.0,56370
10,32,19,362.0,42594
10,32,20,377.0,29238
10,32,21,289.0,28521
10,32,22,197.0,25917
10,32,23,301.5,16022
10,32,24,461.0,20533
10,32,25,408.0,13728
10,32,26,474.0,16148
10,32,27,639.0,10119
10,32,28,607.0,7162
10,32,30,196.0,2744
10,32,34,417.0,1702
10,32,35,359.0,2388
10,32,36,1251.5,418
10,33,1,151.0,250827
10,33,2,397.0,131113
10,33,3,319.0,351685
10,33,4,224.0,181440
10,33,5,226.0,140976
10,33,6,329.0,102040
10,33,7,369.0,99280
10,33,8,247.0,83282
10,33,9,343.0,63512
10,33,10,298.0,60852
10,33,13,377.0,48762
10,33,14,332.0,47909
10,33,17,371.0,57286
10,33,18,359.0,34065
10,33,19,362.0,42637
10,33,20,374.0,29341
10,33,21,439.0,23283
10,33,22,179.0,27232
10,33,23,302.0,16008
10,33,24,461.0,20534
10,33,25,409.0,13701
11,1,4,240.0,173515
11,1,5,527.0,67449
11,1,12,629.0,30675
11,1,14,754.0,26768
11,3,5,938.5,25436
11,4,2,681.0,69669
11,4,4,270.0,160003
11,5,2,446.0,120055
11,5,3,377.0,314567
11,5,4,227.0,179980
11,5,5,493.0,73804
11,5,6,368.0,94837
11,5,7,969.0,17829
11,5,10,1037.0,13934
11,6,3,549.0,158780
11,6,5,862.0,30683
11,6,7,371.0,98841
11,6,9,1258.5,11544
11,6,10,1193.5,8326
11,8,3,510.0,227205
11,9,3,599.0,101954
11,9,5,958.0,23106
11,10,8,467.0,52218
11,13,2,662.0,10627
11,13,9,991.0,18877
11,13,10,1065.0,12845
11,14,4,536.0,46882
11,16,13,452.0,43115
11,17,7,530.0,77298
11,17,13,830.0,19841
11,18,2,699.0,66899
11,18,4,233.0,176993
11,19,2,706.0,32720
11,19,3,591.0,113011
11,19,4,522.0,52773
11,21,3,602.0,96761
11,21,5,973.0,21786
11,21,9,981.0,19249
11,22,5,942.0,25618
11,22,8,729.0,19354
11,23,3,594.0,111283
11,26,3,530.0,195253
11,26,4,460.0,88834
11,26,6,345.0,99005
11,26,7,775.0,37468
11,26,8,257.0,81893
11,26,9,817.0,26980
11,27,7,731.0,43488
11,31,3,605.0,92829
11,32,1,177.0,225080
11,32,5,1180.0,10066
12,1,2,686.0,68421
12,1,3,295.0,369055
12,3,2,422.0,126029
12,3,3,294.0,369826
12,3,6,330.0,101679
12,3,9,465.0,53357
12,5,2,396.0,131209
12,5,3,539.0,178101
12,5,4,322.0,139600
12,6,2,354.0,141175
12,6,3,469.0,257954
12,6,5,259.0,130157
12,6,9,386.0,59496
12,7,3,311.0,357634
12,7,6,549.0,63570
12,8,2,357.0,140495
12,8,5,1228.0,3985
12,8,7,468.0,85463
12,8,11,399.0,72702
12,10,2,362.0,139014
12,11,2,408.0,128894
12,12,1,182.0,209926
12,12,2,360.0,139566
12,13,2,354.0,141116
12,14,1,375.0,75011
12,14,2,644.0,80975
12,15,2,378.0,135068
12,15,5,224.0,141725
12,15,7,381.0,97387
12,15,10,479.0,46185
12,16,2,412.0,128172
12,17,2,427.0,124986
12,18,1,299.0,85404
12,18,2,460.0,116500
12,18,3,591.0,113080
12,18,5,568.0,56738
12,19,1,185.0,208059
12,19,2,368.0,137465
12,20,2,361.0,139314
12,21,1,158.0,246990
12,21,3,282.0,378879
12,22,2,362.0,138910
13,1,2,409.0,128783
13,1,3,282.0,378880
13,1,4,468.0,85140
13,1,5,264.0,128681
13,1,6,351.0,97885
13,2,2,411.0,128381
13,2,3,282.0,378660
13,2,4,235.0,175676
13,2,5,231.0,139124
13,2,8,247.0,83283
13,2,9,346.0,63246
13,2,10,299.0,60771
13,2,11,473.0,63010
13,2,12,405.0,80880
13,2,13,377.0,48812
13,3,2,471.0,113840
13,3,4,415.0,110633
13,3,5,410.0,92797
13,3,6,506.0,72539
13,3,7,553.0,73860
13,3,8,459.0,53598
13,4,2,472.0,113534
13,4,3,499.5,238940
13,4,4,415.0,110278
13,4,5,429.0,88647
13,4,6,549.0,63520
13,5,2,496.0,108667
13,5,3,282.0,378484
13,5,4,224.0,181366
13,5,5,240.0,136022
13,5,7,391.0,95847
13,6,2,410.0,128511
13,6,3,293.0,371047
13,6,4,287.0,152947
13,6,5,256.0,131223
13,6,6,1338.0,3673
13,6,7,381.0,97491
13,6,8,455.0,54227
13,7,2,471.0,113843
13,7,4,416.0,110130
13,7,5,430.0,88347
13,7,6,511.0,71653
13,8,2,471.0,113844
13,8,3,320.0,351091
13,8,4,415.0,110635
13,8,5,410.0,92802
13,8,6,506.0,72540
13,8,7,552.0,74051
13,9,2,360.0,139677
13,9,3,601.0,99414
13,9,4,234.0,176619
13,9,5,255.0,131904
13,9,6,333.0,101190
13,9,7,471.0,84938
13,10,2,471.0,113766
13,10,3,510.0,227872
13,10,4,415.0,110434
13,10,5,410.0,92803
13,10,6,520.0,70071
13,10,7,378.0,98015
13,10,8,247.0,83417
13,10,9,581.0,44703
13,11,2,472.0,113542
13,11,4,416.0,109722
13,11,5,416.0,91079
13,11,6,589.0,54384
13,12,2,470.0,114022
13,12,3,282.0,378881
13,12,4,236.0,175569
13,12,5,410.0,92868
13,12,6,506.0,72578
13,13,2,367.0,137802
13,13,3,610.0,82693
13,13,4,223.0,181563
13,13,5,224.0,141678
13,13,9,343.0,63496
13,13,10,767.0,25569
13,13,11,364.0,77449
13,14,2,471.0,113768
13,14,3,514.0,221883
13,14,4,416.0,110133
13,14,5,410.0,92657
13,14,6,510.0,71849
13,15,2,471.0,113845
13,15,4,418.0,108757
13,15,5,415.0,91381
13,15,6,523.0,69551
13,15,7,644.0,59669
13,16,2,417.0,127167
13,16,3,315.0,354254
13,16,4,357.0,127719
13,16,5,326.0,112225
13,16,6,445.0,82105
13,17,3,340.0,337966
13,18,2,408.0,128813
13,18,3,544.0,164947
13,18,4,228.0,179749
13,18,5,224.0,141633
13,18,7,379.0,97818
13,18,9,677.0,36617
13,19,2,360.0,139678
13,19,3,427.0,285470
13,19,4,226.0,180423
13,19,5,224.0,141679
13,19,6,394.0,90343
13,19,7,377.5,98024
13,20,2,473.0,113446
13,20,3,469.0,258093
13,20,4,223.0,181613
13,20,5,258.0,130632
13,20,6,507.0,72417
13,20,7,378.0,97869
13,21,2,471.0,113847
13,21,3,469.0,258094
13,21,4,415.0,110286
13,21,5,414.0,91538
13,21,6,507.0,72454
13,22,2,471.0,113848
13,22,4,415.0,110638
13,22,5,410.0,92814
13,22,6,507.0,72306
13,23,2,546.0,99473
13,23,4,416.0,109671
13,23,5,504.0,71039
13,24,2,515.0,105328
13,24,4,467.0,86245
13,24,5,507.0,69979
13,24,6,573.0,58136
13,24,7,646.0,59250
13,25,2,420.0,126514
13,25,4,497.0,63812
13,26,2,410.0,128513
13,26,3,502.0,235849
13,26,4,417.0,109238
13,26,5,444.0,85149
13,26,6,515.0,70881
13,26,11,491.0,59921
13,27,2,471.0,113851
13,27,3,471.0,256893
13,27,4,380.0,119951
13,27,5,411.0,92404
13,27,6,509.0,71979
13,27,7,552.0,74052
13,28,2,471.0,113853
13,28,3,396.0,303876
13,28,4,420.0,108080
13,28,5,411.0,92405
13,28,6,456.0,80677
13,28,7,524.0,78064
13,28,8,457.0,53869
13,29,2,471.0,113772
13,29,3,282.0,378547
13,29,4,416.0,109996
13,29,5,410.0,92586
13,29,6,507.0,72376
13,30,5,410.0,92770
13,30,6,507.0,72377
13,30,7,552.0,73973
13,31,8,448.0,55466
13,33,2,469.0,114220
13,33,3,383.0,311427
13,33,4,224.0,181421
13,33,5,410.0,92771
13,33,6,506.0,72541
13,34,2,471.0,113777
13,34,4,415.0,110639
13,34,5,412.0,92152
13,34,6,328.0,102078
13,34,7,388.0,96298
13,34,8,466.0,52439
13,35,2,471.0,113854
13,35,4,415.0,110640
13,35,6,506.0,72646
13,36,2,470.0,113930
13,36,3,282.0,378773
13,36,4,305.0,146157
13,36,5,290.0,121237
13,36,6,329.0,102064
13,36,7,556.0,73227
13,36,8,247.0,83397
13,37,2,476.0,112786
13,37,3,285.0,376693
13,37,4,233.0,176849
13,37,5,410.0,92772
13,37,6,535.0,67078
13,38,3,282.0,378774
13,38,4,263.0,162704
13,38,5,1092.0,14141
13,38,7,467.0,85504
13,38,8,888.0,12353
13,39,2,660.0,76715
13,39,4,358.0,127501
13,39,5,547.0,62270
13,39,6,529.0,68428
13,40,2,471.0,113778
13,40,3,474.0,254370
13,40,4,415.0,110516
13,40,5,410.0,92662
13,40,6,507.0,72349
13,41,2,457.0,117285
13,41,4,413.0,111176
13,41,5,436.0,87247
13,41,6,526.0,68956
13,42,2,471.0,113781
13,42,4,418.0,109126
13,42,5,410.0,92773
13,42,6,506.0,72545
13,43,2,358.0,140042
13,43,3,282.0,378882
13,43,4,241.0,173178
13,43,5,252.0,132593
13,43,7,377.0,98042
13,43,8,271.0,79741
13,43,11,357.0,78476
13,44,2,471.0,113782
13,44,3,476.0,252902
13,44,4,415.0,110641
13,44,5,410.0,92774
13,44,6,507.0,72418
13,45,2,471.0,113784
13,45,3,282.0,378860
13,45,4,224.0,181375
13,45,5,224.0,141680
13,45,6,506.0,72579
13,46,2,359.0,139926
13,46,3,370.0,319096
13,46,4,466.0,86721
13,46,5,600.0,48847
13,46,6,585.0,55723
13,46,7,552.0,74005
13,47,2,471.0,113866
13,47,3,309.0,358749
13,47,4,258.0,165074
13,47,5,324.0,112860
13,47,6,512.0,71463
13,47,7,583.0,69423
13,47,8,449.0,55279
13,47,9,570.0,45571
13,47,10,538.0,41622
13,47,11,357.0,78458
13,47,12,418.0,78987
13,48,2,471.0,113875
13,48,4,415.0,110606
13,48,5,411.0,92298
13,48,6,507.0,72308
13,48,7,552.0,73974
13,48,8,255.0,82257
13,48,9,445.0,54688
13,48,10,427.0,50174
13,49,2,470.0,113888
13,49,3,303.0,362818
13,49,4,415.0,110642
13,49,5,407.0,93227
13,49,6,506.0,72564
13,49,7,552.0,74043
13,50,2,471.0,113801
13,50,4,452.0,93548
13,50,5,539.0,64073
13,51,3,293.0,370983
13,51,4,223.0,181635
13,51,5,240.0,136132
13,52,2,471.0,113802
13,52,4,416.0,109928
13,52,5,411.0,92354
13,52,6,506.0,72546
13,52,7,681.0,52234
13,53,2,388.0,133062
13,53,4,415.0,110520
13,53,5,413.0,91804
13,53,6,334.0,101000
13,53,7,658.0,56833
13,54,3,282.0,378865
13,54,5,248.0,133714
13,54,6,364.0,95580
13,54,13,494.0,40172
13,54,14,433.0,41831
13,55,2,470.0,113896
13,55,3,473.0,254961
13,55,4,415.0,110607
13,55,5,410.0,92778
13,55,6,506.0,72567
13,56,2,414.0,127820
13,57,2,470.0,113915
13,57,3,282.0,378892
13,57,4,416.0,109734
13,57,5,225.0,141474
13,57,6,339.0,100020
13,57,7,552.0,74044
13,57,8,489.0,48096
13,57,9,343.0,63498
13,57,10,571.0,39578
13,57,11,496.0,59074
13,58,2,474.0,113206
13,58,3,282.0,378867
13,58,4,224.0,181329
13,58,5,225.0,141316
13,58,6,509.0,71948
13,58,7,556.0,73287
13,58,8,330.0,71300
13,59,2,471.0,113809
13,59,3,283.0,377877
13,59,4,305.0,145848
13,59,5,393.0,96376
13,59,8,400.0,61669
13,59,9,568.0,45683
13,59,10,535.0,41838
13,60,2,472.0,113581
13,60,3,512.0,223241
13,60,4,432.0,102674
13,60,5,414.0,91672
13,60,6,506.0,72488
13,60,7,565.0,72240
13,60,8,450.0,55101
13,61,2,475.0,112980
13,61,3,470.0,257157
13,61,4,415.0,110521
13,61,5,415.0,91386
13,61,6,520.0,70124
13,61,8,349.0,68862
13,62,2,360.0,139515
13,62,3,282.0,378914
13,62,4,225.0,180537
13,62,5,224.0,141681
13,62,6,632.0,44815
13,63,2,676.0,71430
13,63,3,282.0,378732
13,63,4,224.0,181464
13,63,6,540.0,65855
13,64,2,673.0,72504
13,64,4,307.0,145105
13,64,5,316.0,114848
13,64,8,401.0,61462
13,65,2,470.0,113902
13,65,4,460.0,89055
13,65,5,507.0,69916
13,65,6,610.0,49220
13,65,7,557.0,73132
13,66,2,470.0,113910
13,66,4,415.0,110522
13,66,5,370.0,101632
13,66,6,506.0,72491
13,66,7,576.0,70637
13,66,9,568.0,45679
13,66,11,551.0,51274
13,66,14,655.0,31237
13,67,2,473.0,113323
13,67,4,437.0,100749
13,67,5,412.0,92158
13,67,6,507.0,72351
13,68,2,472.0,113683
13,68,4,415.0,110610
13,68,5,430.0,88283
13,68,7,557.0,73133
13,69,2,428.0,124634
13,69,3,381.0,312281
13,69,4,418.0,108716
13,69,5,941.0,25737
13,70,2,408.0,128814
13,70,4,448.0,95641
13,70,8,454.0,54469
13,70,9,570.0,45536
13,70,10,545.0,41093
13,71,2,432.0,123609
13,71,4,227.0,179962
13,71,5,224.0,141682
13,71,6,328.0,102128
13,73,1,183.0,213623
13,73,2,471.0,113814
13,73,4,259.0,164694
13,73,5,289.0,121485
13,73,6,506.0,72549
13,74,1,177.0,225009
13,74,3,469.0,258226
13,74,4,415.0,110611
13,74,5,250.0,133388
13,74,6,331.0,101623
13,74,7,548.0,74727
13,74,10,308.0,60010
13,75,1,168.0,238076
13,75,2,354.0,141181
13,75,3,288.0,374536
13,75,6,471.0,78194
13,76,1,168.0,236523
13,76,3,319.0,351674
13,76,6,506.0,72550
13,76,7,568.0,71735
13,76,8,456.0,54059
14,1,1,183.0,213312
14,1,3,572.0,135037
14,1,4,415.0,110231
14,2,1,183.0,213482
14,2,4,490.0,65801
14,2,7,581.0,69675
14,3,1,183.0,211795
14,3,4,431.0,103167
14,4,1,193.0,203445
14,4,6,507.0,72457
14,4,12,527.0,56834
14,5,1,180.0,174912
14,5,3,469.0,257807
14,6,1,191.0,205216
14,6,3,470.0,257045
14,6,5,411.0,92506
14,6,7,734.0,43018
14,7,2,472.0,113596
14,7,3,491.0,246153
14,7,4,415.0,110612
14,7,5,410.0,92675
14,8,1,183.0,213483
14,8,4,417.0,109555
14,8,5,728.5,41040
14,9,1,183.0,212638
14,9,5,411.0,92507
14,10,1,185.0,207821
14,10,4,427.0,105062
14,10,5,447.0,84428
14,11,5,482.0,76632
14,12,1,183.0,213484
14,12,4,415.0,110613
14,13,1,183.0,212505
14,13,5,410.0,92785
14,13,8,465.0,52519
14,13,10,556.0,40479
14,14,1,183.0,212639
14,14,3,491.0,245946
14,14,5,436.0,87149
14,15,1,183.0,213315
14,15,5,416.0,91245
14,15,7,732.0,43472
14,16,1,183.0,212699
14,16,4,420.0,107789
14,16,5,603.0,48161
14,17,1,185.0,207785
14,17,5,445.0,84899
14,17,6,651.0,42633
14,18,1,183.0,213485
14,18,2,656.0,78425
14,18,3,471.0,256667
14,19,1,201.0,132009
14,19,4,543.0,43318
14,20,1,192.0,200525
14,20,2,716.0,62845
14,20,3,496.0,242577
14,20,5,600.0,48817
14,23,1,193.0,203311
14,23,3,492.0,245593
14,23,5,462.0,81223
14,23,7,739.0,42135
15,1,1,193.0,203843
15,1,3,417.0,292268
15,1,4,308.0,144752
15,1,5,224.0,141610
15,1,6,335.0,100754
15,1,7,554.0,73725
15,1,9,441.0,54984
15,1,10,400.0,52242
15,1,11,387.0,74262
15,1,12,481.0,67500
15,1,13,589.0,33862
15,2,2,472.0,113597
15,2,4,318.0,140785
15,2,5,291.0,120925
15,2,6,585.0,55628
15,2,7,473.0,84796
15,3,2,513.5,105490
15,3,4,415.0,110232
15,3,5,472.0,79519
15,4,3,469.0,258209
15,4,5,305.0,117459
15,4,6,435.0,83778
15,4,7,552.0,74053
15,4,8,246.0,83580
15,4,9,428.0,55920
15,4,10,430.0,49955
15,4,12,407.0,80569
15,4,13,352.0,50843
15,4,17,379.0,56531
15,4,18,536.0,26118
15,5,2,476.0,112806
15,5,3,611.0,29066
15,5,5,402.0,94467
15,5,8,957.0,7626
15,5,9,1246.0,11922
15,5,10,1304.0,5276
15,5,11,491.0,59995
15,5,13,1210.0,9919
15,5,14,1688.0,3932
15,5,15,546.0,38119
15,7,2,632.0,83258
15,7,3,596.0,109560
15,7,4,372.0,122464
15,7,5,414.0,91487
15,9,1,168.0,237992
15,9,3,286.0,375707
15,9,4,315.0,142195
15,9,5,301.0,118373
15,9,6,781.0,29623
15,9,7,369.0,99282
15,9,10,415.0,51118
15,9,15,486.0,42349
15,9,16,421.0,38371
15,13,2,474.0,113214
15,13,3,282.0,378665
15,13,4,303.0,146618
15,13,5,228.0,140300
15,13,6,357.0,96794
15,13,7,432.0,90255
15,14,2,477.0,112447
15,14,4,305.0,145721
15,14,5,290.0,121216
15,15,2,625.0,84198
15,15,4,309.0,144525
15,15,5,411.0,92508
15,15,6,418.0,86592
15,15,7,491.5,82350
16,1,2,479.0,111964
16,1,3,608.0,89156
16,1,4,241.0,172897
16,1,5,251.0,132990
16,2,4,556.0,38363
16,2,5,238.0,136565
16,2,6,345.0,99037
16,2,8,281.0,78219
16,2,9,1015.0,18028
16,2,11,794.0,17820
16,2,12,413.0,79770
16,2,13,398.0,47141
16,2,16,390.0,40638
16,2,17,469.0,47980
16,2,18,377.0,33104
16,3,4,528.0,50301
16,3,5,601.0,48616
16,3,7,943.0,19518
16,4,2,489.0,110077
16,4,3,518.0,216564
16,4,4,227.0,179821
16,4,5,292.0,120350
16,4,7,873.0,26475
16,4,9,988.0,19014
16,4,10,357.0,55879
16,4,11,513.0,56505
16,6,3,382.0,311725
16,6,4,236.0,175593
16,6,5,427.0,89000
16,6,7,919.5,21398
16,6,8,734.0,19110
16,6,9,347.5,63080
16,6,11,769.0,19239
16,6,12,487.0,66032
16,6,15,644.0,28321
16,7,2,715.0,62981
16,7,3,525.0,205796
16,7,4,263.0,162708
16,7,5,238.5,136566
16,7,8,385.0,63547
16,7,9,612.0,42165
16,7,10,1130.0,10082
16,7,11,415.0,70734
16,7,13,1041.0,13798
16,7,14,605.0,33543
16,7,15,482.0,42676
16,7,18,398.0,32025
16,7,19,476.0,30447
16,8,2,437.0,122081
16,8,3,596.0,109561
16,8,4,313.0,143178
16,8,5,270.0,126870
16,8,7,475.0,84479
16,8,10,667.0,32944
16,8,11,374.0,76138
16,8,12,454.0,73193
16,8,13,374.0,49059
16,8,15,481.0,42710
16,8,16,341.0,44431
16,9,2,444.0,120392
16,9,3,527.0,201238
16,9,4,235.0,175971
16,9,5,328.0,111932
16,9,6,456.0,80722
16,9,8,319.0,72794
16,9,9,590.0,43955
16,9,10,501.0,44461
16,9,11,437.0,68298
16,9,12,885.0,15357
16,9,13,393.0,47508
16,10,2,444.0,120419
16,10,3,341.0,337374
16,10,4,238.0,174471
16,10,5,508.0,69311
16,10,8,356.0,67597
16,10,9,365.0,61422
16,11,2,510.0,106302
16,11,5,244.0,134842
16,11,7,491.0,82414
16,11,8,733.0,19153
16,11,9,460.0,53665
16,11,10,1074.0,12127
16,11,11,357.0,78518
16,11,12,466.0,70958
16,12,2,715.0,63024
16,12,3,282.0,378733
16,12,4,429.0,104359
16,12,5,945.0,24760
16,12,6,710.0,36113
16,12,7,385.0,96765
16,12,9,548.0,47273
16,12,10,378.0,53952
16,12,11,713.0,23049
16,12,12,406.0,80728
16,12,13,420.0,45382
16,12,14,913.0,18603
16,12,16,520.0,29294
16,12,17,420.0,52436
16,13,2,716.0,62794
16,13,3,282.0,378868
16,13,4,233.0,176953
16,13,5,291.0,120926
16,13,7,894.0,23680
16,13,8,265.0,80563
16,14,2,355.0,140917
16,14,3,430.0,284280
16,14,4,225.0,180870
16,14,5,225.0,141329
16,14,6,560.0,61073
16,14,7,555.0,73584
16,14,9,347.0,63107
16,14,10,556.0,40480
16,14,12,448.0,74325
16,14,14,652.0,31363
16,14,16,403.0,39662
16,14,17,987.0,15580
16,14,19,482.0,29718
16,17,2,709.0,64776
16,17,4,371.0,122956
16,17,6,593.0,53034
16,17,9,350.0,62752
16,17,10,457.0,47992
16,17,15,406.0,48212
16,17,19,1030.0,8175
16,18,2,471.0,113816
16,18,3,306.0,361068
16,18,4,272.0,159114
16,18,5,242.0,135379
16,18,12,415.0,79417
16,18,13,376.0,48873
16,18,19,363.0,42576
16,18,20,398.0,28437
16,18,21,289.0,28522
16,19,1,187.0,185171
16,19,2,473.0,113324
16,19,3,287.0,375208
16,19,4,261.0,164073
16,19,7,490.0,82625
16,19,8,375.0,65048
16,19,10,1036.0,13912
16,19,11,365.0,77269
16,20,1,192.0,200673
16,20,2,354.0,141149
16,20,3,282.0,378893
16,20,6,364.0,95538
16,20,7,390.0,95940
16,20,9,377.0,60265
16,20,10,483.5,45910
16,20,11,484.0,61283
16,20,13,379.0,48653
16,20,14,476.0,39673
16,20,16,459.0,35247
16,20,17,439.0,50829
16,20,18,484.0,28153
16,20,19,456.0,33490
16,20,20,375.0,29324
16,20,21,352.0,26206
16,21,2,354.0,141103
16,21,3,382.0,311727
16,21,4,566.0,31749
16,21,6,825.0,26305
16,21,7,368.0,99439
16,21,8,670.0,23587
16,22,3,299.0,366289
16,22,4,317.0,141266
16,22,5,411.0,92511
16,22,6,847.0,24166
16,22,7,368.0,99447
16,22,8,350.0,68624
16,22,11,436.0,68388
16,22,12,508.0,61528
16,22,14,446.0,41108
16,22,19,389.0,40020
16,22,20,533.0,23192
16,22,21,269.0,29383
16,22,22,211.0,25041
16,23,2,415.0,127429
16,23,3,459.0,264152
16,24,3,285.0,376774
16,24,4,312.0,143422
16,24,5,225.0,141541
16,24,6,364.0,95581
16,24,7,389.0,96202
16,24,8,307.0,74566
16,25,1,191.0,190698
16,25,2,726.0,58611
16,25,3,318.0,351822
16,25,4,235.0,175856
17,11,2,687.0,8328
17,11,5,1229.0,3990
17,13,1,190.0,188153
17,13,3,282.0,378905
17,13,5,1230.0,3927
17,13,17,417.0,52793
17,13,19,362.0,42641
17,13,21,651.5,17472
17,14,1,183.0,213158
17,14,2,668.0,10193
17,14,7,1233.0,4089
17,14,13,397.0,47249
17,14,14,385.0,44555
17,14,15,401.0,48540
17,15,2,690.0,8766
17,15,14,341.0,47369
17,16,16,364.0,42567
17,16,18,360.0,34016
17,16,25,418.0,13538
17,17,13,350.0,51020
17,18,1,183.0,212700
17,18,2,666.0,10431
17,18,10,329.0,58140
17,19,1,191.0,192076
17,19,17,381.0,56289
17,20,2,662.0,10639
17,20,3,582.0,18830
17,20,10,300.0,60713
17,21,2,662.0,10670
17,21,16,347.0,43966
17,22,1,187.0,184840
17,22,9,365.0,61459
17,23,2,669.0,2945
17,23,13,352.0,50858
17,24,1,183.0,212358
17,24,2,656.0,5233
17,24,16,336.0,44863
17,25,1,192.0,200394
17,25,2,670.0,10001
17,25,13,373.0,49090
17,25,14,358.0,46190
17,26,15,568.0,35939
17,27,2,680.0,6017
17,27,13,350.0,50956
17,28,2,675.0,9652
17,29,1,189.0,205751
17,29,2,690.0,8993
17,29,4,565.0,9217
17,29,15,403.0,48409
17,29,18,564.0,24583
17,30,13,376.0,48913
17,31,1,181.0,176807
17,31,2,662.0,10660
17,31,15,403.0,48431
17,31,17,371.0,57320
17,32,1,192.0,196236
17,32,2,683.5,6822
17,32,3,527.0,201408
17,32,8,256.0,82050
17,33,1,180.0,175912
17,35,1,183.0,211796
17,35,2,654.0,5045
17,35,7,371.0,98994
17,36,2,780.0,104
17,38,7,597.0,67373
18,1,1,167.0,238654
18,1,2,625.0,84293
18,1,9,663.0,37896
18,2,1,183.0,213316
18,2,2,412.0,128286
18,2,5,317.0,114572
18,2,8,433.0,57346
18,2,9,456.0,54006
18,3,1,182.0,216429
18,3,2,410.0,128456
18,3,7,736.0,42616
18,3,9,441.0,54985
18,3,11,460.0,64963
18,4,1,75.0,4183
18,4,2,412.5,128108
18,4,6,1071.0,10782
18,6,2,408.0,128832
18,6,3,391.0,306711
18,6,4,304.0,146239
18,6,6,412.0,87512
18,6,7,656.0,57386
18,7,1,181.0,173703
18,9,1,155.0,248519
18,9,5,312.0,115877
18,10,5,601.0,48686
18,11,1,157.0,247814
18,11,5,356.0,104576
18,11,8,292.0,76748
18,11,9,428.0,55921
18,12,4,391.0,116571
18,13,1,175.0,228958
18,13,2,411.0,128386
18,13,5,406.0,93400
18,15,1,163.0,243338
18,15,2,470.0,114090
18,16,1,168.0,237309
18,16,2,419.0,126833
18,16,3,379.0,313872
18,16,8,369.0,65799
18,17,1,220.0,154184
18,18,2,414.0,127747
18,18,4,376.0,121440
18,18,6,493.0,75106
18,18,8,376.0,64850
18,18,10,450.0,48559
18,19,1,183.0,213722
18,19,7,465.0,85795
18,21,2,689.0,21940
18,21,4,322.0,139807
18,22,1,288.0,101759
18,23,1,168.0,237840
18,23,5,291.0,120723
18,23,7,471.0,84989
18,24,1,177.0,224753
18,24,2,446.0,119923
18,25,1,435.0,35552
18,25,4,325.0,138635
18,25,5,1200.0,9410
19,1,1,288.0,99919
19,1,2,362.0,138996
19,1,3,538.0,179055
19,2,3,582.0,123767
20,1,4,311.0,143874
20,1,5,290.0,121017
20,1,6,433.0,84168
20,1,8,464.0,52770
20,2,6,587.0,55011
20,2,8,483.0,49482
20,2,11,448.0,66682
20,3,8,247.0,83434
20,3,9,1071.0,16345
20,5,2,475.0,112905
20,5,4,415.0,110617
20,5,6,609.0,49564
20,5,7,460.0,86427
20,6,2,568.0,94955
20,6,4,306.0,145582
20,6,11,489.0,60460
20,9,3,392.0,306094
20,9,6,393.0,90378
20,10,1,220.0,151022
20,10,3,519.0,213616
20,10,4,369.0,123611
20,11,4,320.0,140464
20,11,5,568.0,56627
20,11,7,460.0,86428
21,1,2,362.0,139156
21,1,3,288.0,374149
21,1,8,375.0,65049
21,2,2,433.0,123498
21,5,1,166.0,239967
22,1,1,183.0,213490
22,1,4,415.0,110362
22,1,8,448.0,55504
22,1,9,625.0,41036
22,2,1,183.0,213494
22,2,5,410.0,92599
22,2,6,507.0,72379
22,2,7,556.0,73189
22,3,1,183.0,212184
22,3,6,671.0,40583
22,3,9,578.0,44883
22,4,1,183.0,213167
22,4,4,448.0,95228
22,5,1,183.0,213495
22,5,6,516.0,70771
22,5,9,605.0,42786
22,6,1,183.0,213498
22,6,6,816.0,26853
22,6,7,565.0,72155
22,6,11,544.0,52617
22,8,1,183.0,213501
22,8,7,593.0,68137
22,8,8,469.0,51875
22,8,10,655.0,33751
22,9,1,183.0,213332
22,9,3,469.0,258144
22,10,1,183.0,213174
22,10,3,506.0,232108
22,10,5,441.0,85964
22,11,1,183.0,213502
22,11,5,412.0,92172
22,12,1,183.0,213503
22,12,3,469.0,258145
22,13,1,183.0,213504
22,13,5,429.0,88664
22,14,1,183.0,213506
22,14,6,533.0,67720
22,14,7,829.0,31158
22,14,8,457.0,53857
22,15,1,183.0,213507
22,15,4,416.0,110000
22,15,5,451.0,83350
22,16,1,183.0,213508
22,17,1,183.0,213512
22,17,5,439.0,86571
22,18,3,469.0,258210
22,18,6,509.0,71986
22,19,1,183.0,213513
22,19,7,554.0,73736
22,19,9,652.0,38658
22,19,10,621.0,36304
22,19,11,743.0,20762
22,21,1,183.0,213514
22,21,3,476.0,253081
22,23,1,183.0,212853
22,23,3,492.0,245598
22,23,4,416.0,109793
22,23,5,410.0,92787
22,23,7,635.0,61085
22,24,1,183.0,213336
22,24,3,470.0,257446
22,24,5,500.0,71902
22,26,1,183.0,213518
22,26,3,501.0,237153
22,26,7,552.0,73977
23,1,1,151.0,251266
23,1,2,360.0,139679
23,1,3,293.0,371086
23,1,4,306.0,145465
23,2,1,151.0,251360
23,2,2,354.0,141169
23,2,3,377.0,314840
23,2,4,546.0,20484
23,3,1,164.0,242929
23,3,2,369.0,137357
23,3,3,317.0,352935
23,3,4,225.0,180872
23,3,5,246.0,134223
23,3,6,395.0,90105
23,3,7,417.0,92225
23,4,1,157.0,247900
23,4,2,366.0,137987
23,5,1,151.0,251267
23,5,2,356.0,140606
23,6,1,151.0,251205
23,6,2,417.0,127140
23,7,1,158.0,247291
23,7,2,378.0,134944
23,7,3,302.0,364123
23,7,4,409.0,112394
23,8,1,168.0,238400
23,8,2,360.0,139680
23,9,1,151.0,250755
23,9,2,362.0,139157
23,9,3,343.0,336084
23,9,4,345.0,131489
23,10,1,151.0,251206
23,10,2,414.0,127750
23,10,3,391.0,306610
23,10,4,223.0,181566
23,11,1,151.0,251239
23,11,2,355.0,140918
23,11,3,283.0,378179
23,11,4,419.0,108408
23,11,5,291.0,120658
23,12,1,155.0,248457
23,12,2,402.0,130139
23,13,1,152.0,250277
23,13,2,354.0,141153
23,13,3,289.0,373612
23,13,4,305.0,146038
23,14,1,152.0,250592
23,14,2,354.0,141072
23,14,3,312.0,356898
23,14,4,243.0,172215
23,14,5,232.0,138791
23,14,6,329.0,102042
23,14,7,472.0,84911
23,15,1,151.0,251268
23,15,2,408.0,128866
23,15,3,286.0,376126
23,15,4,225.0,180721
23,15,5,333.0,110347
23,16,1,151.0,250831
23,16,2,359.0,139828
23,16,3,282.0,378906
23,16,4,232.0,177278
23,16,5,232.0,138833
23,16,6,355.0,97209
23,16,7,481.0,83714
23,16,8,251.0,82772
23,17,1,156.0,248066
23,17,2,360.0,139541
23,17,3,282.0,378562
23,17,4,309.0,144644
23,18,1,154.0,249229
23,18,2,456.0,117636
23,18,3,306.0,361318
23,18,4,235.0,176196
23,18,5,229.0,139917
23,18,6,414.0,87287
23,19,1,152.0,250235
23,19,2,359.0,139939
23,19,3,287.0,374812
23,19,4,231.0,177801
23,19,5,302.0,118175
23,19,6,362.0,96006
23,20,1,159.0,246668
23,20,2,358.0,140019
23,20,3,283.0,378017
23,20,4,264.0,162512
23,20,5,225.0,141437
23,20,6,334.0,101069
23,20,7,395.0,95357
23,20,8,376.0,64851
23,21,1,153.0,250185
23,21,2,354.0,141184
23,21,3,282.0,378384
23,21,4,369.0,123432
23,21,5,224.0,141731
23,22,1,151.0,251361
23,22,2,394.0,131828
23,22,3,282.0,378894
23,23,1,161.0,245093
23,23,2,408.0,128896
23,23,3,282.0,378915
23,23,4,305.0,146127
23,23,5,300.0,118701
23,23,6,329.0,102031
23,23,7,381.0,97466
23,24,1,161.0,245767
23,24,2,395.0,131459
23,24,3,395.0,304619
23,24,4,231.0,177802
23,24,5,316.0,114855
23,24,6,343.5,99258
23,24,7,368.0,99464
23,24,8,410.0,60460
23,25,1,157.0,247754
23,25,2,374.0,136013
23,25,3,295.0,369142
23,25,4,223.0,181653
23,25,5,263.0,129031
23,25,6,398.0,89747
23,26,1,160.0,246218
23,26,2,400.0,130403
23,26,3,282.0,378907
23,26,4,241.0,173323
23,26,5,291.0,120724
23,27,1,151.0,250697
23,27,2,367.0,137624
23,27,3,282.0,378388
23,27,4,315.0,142013
23,27,5,337.0,109225
23,28,1,168.0,236216
23,28,2,358.0,140272
23,28,3,282.0,378896
23,28,4,232.0,177279
23,28,5,224.0,141652
23,28,6,401.0,89219
23,29,1,151.0,251207
23,29,2,362.0,138930
23,29,3,305.0,361548
23,29,4,226.0,180407
23,29,5,1085.0,14450
23,30,1,151.0,251362
23,30,2,385.0,133645
23,30,3,312.0,356899
23,30,4,310.0,144060
23,30,5,224.0,141716
23,31,1,151.0,251363
23,31,2,354.0,141077
23,31,3,392.0,306387
23,32,1,151.0,251240
23,32,2,369.0,137262
23,32,3,283.0,377878
23,32,4,235.0,176125
23,32,5,224.0,141736
23,32,6,328.0,102136
23,32,7,460.0,86457
23,32,8,249.0,83095
23,33,1,151.0,251057
23,33,2,368.0,137501
23,33,3,383.0,311464
23,34,1,157.0,247690
23,34,2,412.0,128164
23,34,3,377.0,314716
23,35,1,154.0,249189
23,35,2,354.0,141185
23,35,3,290.0,373391
23,35,4,231.0,177944
23,35,5,241.0,135723
23,35,6,417.0,86868
23,36,1,153.0,249859
23,36,2,354.0,141151
23,36,3,283.0,378018
23,36,4,305.0,145952
23,36,5,356.0,104578
23,37,1,151.0,251091
23,37,2,358.0,140195
23,37,3,310.0,358186
23,37,4,231.0,178092
23,37,5,310.0,116338
23,38,1,151.0,251364
23,38,2,418.0,126906
23,38,3,302.0,364331
23,38,4,313.0,143181
23,38,5,292.0,120454
23,38,6,336.0,100642
23,38,7,462.0,86210
23,39,1,157.0,247621
23,39,2,361.0,139425
23,39,3,282.0,378908
23,39,4,305.0,146160
23,39,5,268.0,127516
23,39,6,330.0,101799
23,39,7,368.0,99399
23,40,1,154.0,249380
23,40,2,359.0,139973
23,40,3,289.0,373950
23,40,4,225.0,180873
23,40,5,225.0,141531
23,40,6,335.0,100757
23,40,7,463.0,86053
23,41,1,151.0,251299
23,41,2,426.0,125094
23,41,3,404.0,298984
23,41,4,244.0,171711
23,42,1,151.0,250986
23,42,2,354.0,141154
23,42,3,291.0,372121
23,42,4,302.0,147250
23,42,5,332.0,110531
23,43,1,151.0,251367
23,43,2,355.0,140797
23,43,3,282.0,378921
23,43,4,225.0,180874
23,43,5,224.0,141718
23,43,6,329.0,102069
23,43,7,379.0,97767
23,43,8,364.0,66527
23,44,1,151.0,251270
23,44,2,354.0,141155
23,44,3,282.0,378897
23,45,1,151.0,251271
23,45,2,360.0,139543
23,45,3,283.0,378019
23,45,4,241.0,172898
23,45,5,233.0,138475
23,45,6,401.0,89220
23,45,7,390.0,96003
23,46,1,151.0,251369
23,46,2,359.0,139835
23,46,3,289.0,373951
23,46,4,223.0,181567
23,46,5,292.0,120581
23,46,6,328.0,102143
23,47,1,151.0,251419
23,47,2,354.0,141186
23,47,3,282.0,378900
23,47,4,223.0,181661
23,47,5,298.0,119040
23,48,1,151.0,250853
23,48,2,707.0,35854
23,48,3,304.0,362026
23,48,4,306.0,145467
23,49,1,163.0,243596
23,49,2,420.0,126563
23,50,1,153.0,249655
23,50,2,403.0,129877
23,50,3,407.0,297554
24,1,2,408.0,128885
24,1,3,518.0,216693
24,1,4,557.0,38014
24,2,2,477.0,112599
24,2,3,495.0,243827
24,2,4,483.0,75279
24,3,2,644.0,80822
24,3,4,306.0,145587
24,4,2,358.0,140167
24,4,4,235.0,176067
24,4,5,413.0,91925
25,1,1,156.0,248051
25,1,5,224.0,141684
25,1,6,335.0,100799
25,1,9,350.0,62785
25,1,10,403.0,52059
25,2,1,158.0,247278
25,2,6,342.0,99515
25,2,7,449.0,87974
25,2,8,309.0,74089
25,2,9,364.0,61529
25,2,11,668.0,27190
25,2,12,406.0,80873
25,2,14,353.0,46568
25,3,1,169.0,235471
25,3,2,359.0,139880
25,4,1,286.0,108243
25,4,2,355.0,140944
25,4,3,379.0,313297
25,5,1,151.0,251112
25,5,2,360.0,139683
25,6,1,156.0,248042
25,8,1,151.0,251019
25,9,1,161.0,245474
26,1,1,183.0,213823
26,1,3,514.0,221578
26,1,4,427.0,105063
26,2,1,183.0,213709
26,2,2,689.0,21564
26,2,3,512.0,223657
26,2,4,432.0,102846
26,3,1,183.0,213825
26,3,3,512.0,223743
26,4,1,151.0,251113
26,4,4,469.0,84938
26,5,1,151.0,251147
26,5,4,475.0,80577
26,6,1,151.0,251148
26,6,4,415.0,110533
26,6,5,597.0,49934
26,7,1,151.0,251184
26,8,1,151.0,251087
26,8,2,693.0,20004
26,8,3,493.0,245108
26,8,4,415.0,110651
26,8,7,552.0,74011
26,9,1,152.0,250387
26,9,4,467.0,86314
26,10,1,151.0,250690
26,10,2,412.0,128254
26,10,4,305.0,146041
26,11,1,152.0,250388
26,11,2,673.0,14974
26,11,4,305.0,146072
27,1,1,183.0,213619
27,1,3,510.0,226577
29,1,1,156.0,248107
29,1,2,610.0,86741
29,1,3,287.0,374813
29,1,4,230.0,178438
29,1,5,228.0,140351
29,1,6,329.0,102052
29,1,7,381.0,97378
29,1,8,257.0,81897
29,1,9,425.0,56220
29,1,10,311.0,59806
29,1,11,364.0,77595
29,1,12,405.0,80881
29,1,14,351.0,46729
29,1,15,406.0,48256
29,1,16,322.0,46043
29,1,17,381.0,56306
29,1,18,359.0,34068
29,1,19,378.0,40899
29,1,20,1138.0,6838
29,1,22,177.0,27290
29,1,23,319.0,15527
29,1,25,433.0,13228
29,2,1,155.0,248534
29,2,2,355.0,140799
29,2,3,439.0,277670
29,2,5,233.0,138435
29,2,6,328.0,102149
29,2,8,498.0,45932
29,2,10,722.0,29063
29,2,11,357.0,78542
29,2,12,408.0,80537
29,2,16,1787.5,470
29,2,17,564.0,39907
29,2,19,476.0,30479
29,2,23,414.0,13359
29,2,24,568.0,17939
29,2,25,845.0,6990
29,2,26,470.0,16218
29,2,27,1174.5,1676
29,3,1,161.0,245536
29,3,2,354.0,141179
29,3,3,282.0,378566
29,3,4,224.0,181499
29,3,5,225.0,141340
29,3,6,336.0,100586
29,3,7,402.0,94387
29,3,8,251.0,82773
29,3,9,350.0,62827
29,3,10,335.0,57625
29,3,11,360.0,78141
29,3,12,411.0,80061
29,3,13,350.0,51021
29,3,14,332.0,47910
29,3,15,426.0,46776
29,3,16,351.0,43672
29,3,17,371.0,57260
29,3,19,362.0,42642
29,3,20,374.0,29342
29,3,21,298.0,28137
29,3,22,195.0,26065
29,3,24,541.0,18497
29,4,1,151.0,251049
29,4,2,373.0,136131
29,4,3,282.0,378567
29,4,4,223.0,181662
29,4,6,336.0,100507
29,4,7,390.0,96116
29,4,8,697.5,21408
29,4,9,1446.0,4855
29,4,10,369.0,54757
29,4,11,357.0,78477
29,4,12,405.0,80882
29,4,13,361.0,50106
29,4,14,341.0,47370
29,4,15,567.0,36047
29,4,16,653.0,19679
29,5,1,153.0,249680
29,5,3,282.0,378568
29,5,4,223.0,181548
29,5,5,290.0,121059
29,5,6,328.0,102134
29,5,7,380.0,97559
29,5,8,280.0,78398
29,5,9,343.0,63480
29,5,10,325.0,58430
29,5,11,363.0,77685
29,5,12,408.0,80465
29,5,13,609.0,32526
29,5,14,333.0,47877
29,5,15,592.0,33728
29,5,17,389.0,55481
29,5,18,454.0,29408
29,5,19,367.0,42081
29,5,20,377.0,29239
29,5,22,189.0,26476
29,5,23,301.0,16036
29,5,24,591.0,17428
29,5,25,422.0,13449
29,5,26,470.0,16227
29,5,27,469.0,12932
29,5,28,602.0,7207
29,5,29,515.0,8939
29,6,1,155.0,248515
29,6,2,358.0,140030
29,6,3,282.0,378909
29,6,4,232.0,177369
29,6,6,329.0,101958
29,6,7,368.0,99442
29,6,8,258.0,81668
29,6,9,344.0,63471
29,6,10,318.0,59041
29,6,11,410.0,71349
29,6,12,410.0,80253
29,6,13,375.0,48983
29,6,14,335.0,47760
29,6,15,407.0,48100
29,6,16,330.0,45342
29,6,17,384.0,56056
29,6,18,359.0,34061
29,6,19,459.0,33065
29,7,1,162.0,244451
29,7,2,354.0,141171
29,7,3,287.0,374948
29,7,4,238.0,174830
29,7,5,225.0,141341
29,7,6,333.0,101272
29,7,7,530.0,77283
29,7,8,274.0,79298
29,7,9,365.0,61424
29,7,10,316.0,59208
29,7,12,406.0,80756
29,7,13,350.0,50957
29,7,14,339.0,47480
29,7,15,402.0,48495
29,7,17,372.0,57246
29,7,19,368.0,41905
29,7,20,396.0,28535
29,7,21,296.0,28220
29,7,22,178.0,27248
29,7,23,318.0,15564
29,7,24,478.0,20062
29,7,25,420.0,13504
29,7,26,470.0,16237
29,8,1,162.0,245038
29,8,2,402.0,130106
29,8,3,285.0,376380
29,8,4,245.0,171244
29,8,5,227.0,140834
29,8,6,335.0,100926
29,8,7,380.0,97531
29,8,8,274.0,79299
29,8,9,350.0,62878
29,8,10,326.0,58373
29,8,11,357.0,78520
29,8,12,447.0,74492
29,8,13,397.0,47265
29,8,14,399.0,43738
29,8,15,402.0,48504
29,8,16,331.0,45315
29,8,17,424.0,52042
29,9,1,151.0,251050
29,9,2,432.0,123538
29,9,3,282.0,378923
29,9,4,223.0,181569
29,9,5,224.0,141726
29,9,6,598.0,52119
29,9,7,368.0,99400
29,9,8,256.0,82095
29,9,10,344.0,56939
29,9,11,364.0,77471
29,9,12,411.0,80062
29,9,13,408.0,46338
29,9,14,344.0,47170
29,9,15,407.0,48121
29,9,16,329.0,45441
29,9,17,371.0,57322
29,9,18,392.0,32350
29,9,19,366.0,42127
29,9,20,595.0,20956
29,9,22,185.0,26816
29,9,23,301.0,16023
29,9,24,469.0,20281
29,9,25,439.5,13102
29,9,26,499.0,15570
29,9,27,418.0,13953
29,10,1,156.0,248021
29,10,3,291.0,372645
29,10,4,231.0,177903
29,10,5,224.0,141727
29,10,6,329.0,102004
29,10,7,700.0,49158
29,10,8,394.0,62486
29,10,9,366.0,61297
29,10,10,317.0,59148
29,10,11,363.0,77725
29,10,12,407.0,80550
29,10,13,374.0,49019
29,10,15,407.0,48070
29,10,16,375.0,41645
29,10,17,379.0,56532
29,10,18,516.5,26912
30,1,1,183.0,211623
30,2,1,184.0,181395
31,1,1,181.0,217708
31,2,1,161.0,245109
32,1,1,161.0,245161
33,1,2,394.0,131673
33,2,2,354.0,141180
